,Name,ID,Latitude,Longitude,Rating,Types,Vicinity
0,Shell Select,ChIJgRIv-TAbFgcRoGIiNjzONpk,-12.9482673,-38.4111807,3.0,gas_station,"Av. Prof. Pinto de Aguiar, 2100 - Pituaçu, Salvador"
1,Loja Shell Select - POSTO SHELL - FT COM VAREJISTA LTDA ME,ChIJtUKHNPkZFgcR6WqisCVgDd4,-12.9571844,-38.3919654,4.3,gas_station,"Av. Octávio Mangabeira, SN - Jaguaribe, Salvador"
2,Posto Petrobras,ChIJGQyBhhkZFgcRGgx3fUuOOGQ,-12.95074,-38.39754,0.0,gas_station,"AV.OTAVIO MANGABEIRA, S/N - Patamares, Salvador"
3,Loja Shell Select - POSTO SHELL - AS BENEDITAS COM DE ALIMENTOS LTDA,ChIJ03DSV9obFgcRUhGcxpR-gmg,-12.9645134,-38.437082,5.0,gas_station,"Av. Luís Viana Filho, 2489 - Doron, Salvador"
4,Petrobras,ChIJiQhkra0QFgcRm8EesYqMobE,-12.9375712,-38.3977993,4.0,gas_station,"Av Luiz Viana Filho, km 8, s/n - Alphaville I, Salvador"
5,Loja Shell Select - POSTO SHELL - AS BENEDITAS COM DE ALIMENTOS,ChIJlz50klUbFgcRrYvrEM9TmCI,-12.968225,-38.438635,0.0,gas_station,"Av. Luís Viana Filho, 2078 - Paralela, Salvador"
6,Posto Shell,ChIJHXCJhSsbFgcR6AJWnDLCeaw,-12.9690146,-38.4248666,4.0,gas_station,"Av. Jorge Amado, 80 - Boca do Rio, Salvador"
7,Loja Shell Select - POSTO SHELL - PITUBA DERIVADOS DE PETROLEO LTDA,ChIJLVloDHIbFgcRQTz8AXoGqk0,-13.0045865,-38.4536962,0.0,gas_station,"Av. Octávio Mangabeira, 1283 - Pituba, Salvador"
8,Post Cheapest,ChIJqSOJJ6kQFgcR0K4PtJ4FKuM,-12.9394362,-38.4086869,3.8,gas_station,"Patamares, Salvador"
9,Petrobras,ChIJiWGh2ysRFgcRbqznq-WSVNs,-12.9026865,-38.4045506,3.8,gas_station,"Via Coletora, S/N - A - Cajazeiras, Salvador"
10,Estacionamiento,ChIJfUkGkF4FFgcRMg04W5xb6bg,-12.9762187,-38.5104794,0.0,gas_station,"Av. José Joaquim Seabra, 80 - Barroquinha, Salvador"
11,Loja Shell Select - POSTO SHELL - W L COMERCIO DE COMBUSTIVEIS LTDA,ChIJSzgQ2hobFgcRjiO62xPJzTY,-12.9398273,-38.4315175,2.7,gas_station,"Av. Ulysses Guimarães, 4538 - Sussuarana, Salvador"
12,R1 COMERCIO DE COMBUSTIVEIS LTDA,ChIJta7M_IAQFgcRbNbGzuN-E-c,-12.9334735,-38.444747,4.0,gas_station,"Av. Ulysses Guimarães, 1454 - Sussuarana, Salvador"
13,Br,ChIJd_WbaFIQFgcR0GkQMbfFl64,-12.9008587,-38.4523528,3.8,gas_station,"BR-324 - Pirajá, Salvador"
14,Posto Petrobras,ChIJP4pMfC0XFgcRn0MfUJXtrXU,-12.9113356,-38.3902833,4.0,gas_station,"Av. Aliomar Baleeiro, 10349 - São Marcos, Salvador"
15,POSTO KALILANDIA LTDA,ChIJOYNrtjMbFgcR9PmfP1V-JQk,-12.9968373,-38.4437886,4.0,gas_station,"Av. Octávio Mangabeira, SN - Jaguaribe, Salvador"
16,Panergy,ChIJC-m9XEQbFgcR3ivDm409INo,-12.9949291,-38.4709155,0.0,gas_station,"Rua Rubens Guelli, 134 - Itaigara, Salvador"
17,Posto Caminho Da Praia,ChIJhapQojYaFgcRPvqsEgygy9c,-12.9746961,-38.4177759,4.1,gas_station,"Av. Octávio Mangabeira - Pituaçu, Salvador"
18,Loja Shell Select - POSTO SHELL - AS BENEDITAS COM DE ALIMENTOS LTDA,ChIJ_ylXPyoRFgcRDroSm2Y4GTc,-12.9369871,-38.4041903,4.1,gas_station,"Av Luiz Viana Filho, 7419 - Trobogy, Salvador"
19,Shell Select,ChIJIWXnMk8dFgcRAfxXkc2HFoM,-13.013119,-38.483511,5.0,gas_station,"R. Marquês de Monte Santo, 299 - Rio Vermelho, Salvador"
20,Deusrei Com de Combustíveis e Lubrificantes,ChIJ6xOugDYaFgcRNRFruhp-12E,-12.9688407,-38.4246949,4.0,gas_station,"Boca do Rio, Salvador"
21,Posto Shell - D & B Comercial Ltda,ChIJi_OxdQkaFgcRPaK2tEascf8,-12.9482673,-38.4111807,4.3,gas_station,"Av. Prof. Pinto de Aguiar, 2100 - Pituaçu, Salvador"
22,Desk San Rafael,ChIJy9ypr4oaFgcRWXol3Kc3dJU,-12.9351497,-38.4250705,3.7,gas_station,"Av. São Rafael, 1200 - São Marcos, Salvador"
23,POSTO KALILANDIA LTDA,ChIJcZYFDE0WFgcRO6nIJ2GDEsU,-12.9370227,-38.4039513,4.1,gas_station,"Av Luiz Viana Filho, 7419 - Trobogy, Salvador"
24,Posto Shell - Posto Kalilandia Ltda,ChIJdRo5qlUbFgcRkDAk6nbPZMU,-13.0039133,-38.4822819,4.1,gas_station,"R. Mundo Novo,1428 P Shell Rio Verme - Santa Cruz, Salvador"
25,Posto Shell - MP COMERCIO DE COMBUSTIVEIS LTDA,ChIJ20cJ1MUEFgcRoGZGk-zlr-w,-12.9795271,-38.4987351,3.8,gas_station,"Avenue MARIO LEAL FERREIRA, 252 - Brotas, Salvador"
26,Posto São Rafael,ChIJ81NU0IgQFgcRBJSXAWlZwr8,-12.9269283,-38.4381722,4.4,gas_station,"1A Travessa São Rafael, s/n - São Marcos, Salvador"
27,Posto Petrobras,ChIJLzrsrMgQFgcR-Ikw7eQ59PI,-12.9193584,-38.4108464,3.7,gas_station,"Av. Aliomar Baleeiro, 578 - Pirajá, Salvador"
28,Posto Shell - POSTO MATARIPE ABAST E SERVICO LTD,ChIJ8QxmcroEFgcRwCBFGsF6rUc,-12.9921261,-38.4956604,4.8,gas_station,"Av. Gen. Graça Lessa, 362 - Acupe de Brotas, Salvador"
29,Station 4 Fuel Trade,ChIJp22nhkIQFgcRrnXUdb3QZ_A,-12.9158519,-38.4556441,4.0,gas_station,"Av. Aliomar Baleeiro, 574 - Jardim Cajazeiras, Salvador"
30,Loja Shell Select - POSTO SHELL - SRB REV DE COMB E LUBRIF LTDA,ChIJfbcoH30bFgcREWEsHr3VGrs,-12.9868679,-38.4481996,4.4,gas_station,"AV, Rua Arthur de Azevêdo Machado, 1443 - TERR, Salvador"
31,Posto Shell - GEOPETRUS COM DE COMBUST LTDA,ChIJ2XwURucZFgcRCv8zfEeFcI4,-12.9747876,-38.4177793,4.1,gas_station,"LOT JDIMPER, Av. Octávio Mangabeira - Boca do Rio, Salvador"
32,Posto 4.3,ChIJZ0ocjfUQFgcRlbL4uUi_hNg,-12.9151348,-38.4424232,4.1,gas_station,"Av. Aliomar Baleeiro - Pau da Lima, Salvador"
33,Posto Shell - Posto Pernambues Comb Ltda,ChIJSe6iPucaFgcRH80f4_EsH6k,-12.9664356,-38.4625929,3.8,gas_station,"Rua Thomaz Gonzaga, 246 - Pernambués, Salvador"
34,Posto Shell - Fiamma Energia Veicular Ltda Epp,ChIJq12UlyEFFgcReXKPFXjIOXw,-12.9572684,-38.50214090000001,3.8,gas_station,"Av. Jequitaia, 80 - Terreo - Água de Meninos, Salvador"
35,Posto Jaguaribe,ChIJxaqqOvkZFgcRu3JeKdKn7-Q,-12.9633079,-38.4015292,3.5,gas_station,"Avenida Otávio Mangabeira - Patamares, Salvador"
36,Socombustíveis Comércio de Derivados de Petróleo Ltda,ChIJ4yalVQYRFgcRoCoLQqgDQHk,-12.8917278,-38.438073,4.0,gas_station,"R. Dr. Jorge Costa Andrade, 264 - Águas Claras, Salvador"
37,Petrobras Gas Station,ChIJm68nie0aFgcRbOVG6weZU1Y,-12.9576811,-38.453783,3.8,gas_station,"R. Silveira Martins, 3197 - Cabula, Salvador"
38,Posto Petrobras,ChIJ6TuIOqQbFgcRPQzxzwHmQ94,-12.9957634,-38.4775375,0.0,gas_station,"Av. Juracy Magalhães Júnior, 2575 - Candeal, Salvador"
39,Posto gnv,ChIJA0hN8gEbFgcRlA6hs3egWPc,-12.9321147,-38.4757988,0.0,gas_station,"Estr. de Campinas, 815 - Campinas de Pirajá, Salvador"
40,Jmf Comércio de Combustiveis,ChIJi4asitkaFgcRJAwmnYWgvJ4,-12.9650652,-38.47295889999999,3.4,gas_station,"Praça Francisco Manoel, 19 - Cabula, Salvador"
41,clube do ipiranga,ChIJVVVVlWMQFgcRLZInODSzRgY,-12.9237778,-38.4468721,4.3,gas_station,"Pau da Lima, Salvador"
42,Fuel station Beira Mar,ChIJ9zyrtNURFgcR7trT1nWoSDU,-12.8975427,-38.477333,3.8,gas_station,"Av. Afrânio Peixoto, 5444 - São João do Cabrito, Salvador"
43,Gas Fuels Neves,ChIJp-K1FH4QFgcRvQiq6ma9Bpo,-12.9334661,-38.4447765,4.0,gas_station,"Av. Ulysses Guimarães, 1454 - Sussuarana, Salvador"
44,Posto de Combustível Castelo Branco,ChIJKz0p91gRFgcRNBJvTbard-E,-12.9075432,-38.4435349,4.0,gas_station,"Castelo Branco, Salvador"
45,Posto Shell,ChIJvcV1xVsaFgcRqBpeOzUheXI,-12.9641026,-38.4368528,4.2,gas_station,"R. Rômulo Galvão - Doron, Salvador"
46,Lava Rasta Jet,ChIJTwp4UQ8aFgcR2j6vWMElxwM,-12.9484917,-38.4111533,4.2,gas_station,"Av. Prof. Pinto de Aguiar, 1962-2234 - Pituaçu, Salvador"
47,Posto Menor Preço,ChIJq5_z-HoDFgcRmQ4E9KYKfaE,-13.0079711,-38.5190945,3.9,gas_station,"Av. Oceânica, 1460 - Ondina, Salvador"
48,Posto 4.2,ChIJu2vAPT8QFgcRLofh1jIfDaY,-12.9109337,-38.4656842,3.3,gas_station,"estr Campinas Pirajá - s/n, Salvador"
49,Loja Shell Select - POSTO SHELL - POSTO DE COMB ITAJAI LTDA,ChIJEaxhInEbFgcRK7fVTNsUtQ0,-12.988814,-38.449458,3.5,gas_station,"Av. Prof. Magalhães Neto, 1304 - GLEBA 20, Salvador"
50,Posto Petrobras,ChIJVUSAUS8bFgcRWIrp6loXJLI,-12.9787215,-38.4671878,0.0,gas_station,"Rodoviaria, Av. Antônio Carlos Magalhães, 4322 - Pituba, Salvador"
51,Posto R2M,ChIJ1WNdu9EaFgcRTzm9qT6NxF0,-12.9616902,-38.4779491,3.8,gas_station,"Avenida Barros Reis, Largo do Retiro, 1681, Salvador"
52,Posto Petrobras,ChIJc8BhwvERFgcRMiOgQFWYOS8,-12.90553,-38.45527999999999,0.0,gas_station,"ROD BR 324 KM 9 S/N - Pirajá, Salvador"
53,Loja Shell Select - POSTO SHELL - TIC COMERCIO DE COMBUSTIVEIS LTDA,ChIJjbTqiWIbFgcRKeP9nxOzl8s,-12.959337,-38.47252599999999,4.0,gas_station,"ROD BR 324, 1120, Ac. Norte"
54,Posto Shell Sol Costa Azul,ChIJNWH-yQ4bFgcRj5QPZYp7tfI,-12.9876478,-38.4484864,4.2,gas_station,"Rua Arthur de Azevêdo Machado, 1443 - Costa Azul, Salvador"
55,Nina Fuel Station,ChIJH3NML6MEFgcRPb38HCaQkI0,-12.9236707,-38.50268320000001,4.0,gas_station,"Largo do Papagaio, 31 - Ribeira, Salvador"
56,Posto Shell - Srb Revendedora De Comb E Lubs Ltd,ChIJ62JUNc4aFgcRTZ_sOKrJUm8,-12.9587919,-38.4772268,4.3,gas_station,"Av. Barros Reis, 636 - Arraial do Retiro, Salvador"
57,Posto Ipiranga,ChIJhenDV9UEFgcR4fIvVLutIRQ,-12.9677471,-38.4864436,3.9,gas_station,"Av. Heitor Dias, 735 - Cidade Nova, Salvador"
58,POSTO CAB,ChIJucL143caFgcRMZxLkuL9C5U,-12.9398288,-38.4315403,3.8,gas_station,"Altura do número 4538, R. da Paz da Sussuarana, S/N - Sussuarana, Salvador"
59,Loja Shell Select - POSTO SHELL - POSTO UP3 COM DE COMB E LUB LTDA,ChIJBXZfQUMFFgcRTQgZWgu71tA,-12.9892,-38.50761,4.1,gas_station,"Av. Vasco da Gama, 1894 - Garcia, Salvador"
60,Posto Petrobras,ChIJJUWYBSgbFgcRVN64OsBVw9U,-13.0005275,-38.4593756,4.0,gas_station,"Av. Antônio Carlos Magalhães, 3174 - Pituba, Salvador"
63,Posto Shell - Hiper Posto Caminho Das Arvores Ltd,ChIJuTYOzxgbFgcRhbzhj60xeHw,-12.9800696,-38.456401,3.9,gas_station,"Av. Tancredo Neves, 1506 - Caminho das Árvores, Salvador"
65,Posto De Combustiveis,ChIJUXZcWu0QFgcR7OXKoidndGU,-12.9197294,-38.4319413,5.0,gas_station,"Av. Maria Lúcia, 1069 - Novo Marotinho, Salvador"
67,Posto de Gasolina Felici,ChIJ05qpCN0EFgcR1snx31qrXVs,-12.972496,-38.5045779,4.1,gas_station,"Av. Pres. Castelo Branco, 750 - Nazaré, Salvador"
68,Posto petrobras,ChIJD2eh23gFFgcRvEeMDIz1Mss,-12.9862471,-38.5091296,3.8,gas_station,"Nazaré, Salvador"
69,Gas Station,ChIJK6AAIhcRFgcRLRuOvsgNiLg,-12.8909119,-38.4257357,3.8,gas_station,"79, Estr. do Matadouro, 51 - Cajazeiras 5, Salvador"
70,Posto P4 Combustíveis,ChIJseNkx0YFFgcR4mNswUqdQnM,-12.9436532,-38.49967170000001,3.6,gas_station,"R. Fernandes Viêira, 54 - Mares, Salvador"
72,Posto De Gasolina,ChIJkejU1cUEFgcRBcgFj-CmPCY,-12.9801796,-38.4978167,3.9,gas_station,"Engenho Velho de Brotas, Salvador"
74,Posto Shell - Posto Chame Chame Com Serv Comb Ltd,ChIJQVYTXXkDFgcRYR64FM5Gi34,-13.0055456,-38.5223518,4.1,gas_station,"R. Comendador Francisco Pedreira, 131 - Chame-Chame, Salvador"
75,Posto Shell - Carlos Eduardo Casagrande,ChIJibQ26zgbFgcR-ACA0cJeMPI,-12.98855,-38.4706176,4.2,gas_station,"Av. Antônio Carlos Magalhães, 2749 - Parque Bela Vista, Salvador"
76,Posto de Combustível Itajaí,ChIJDW6B_1kaFgcRTFY_YOpEY3I,-12.9684882,-38.4386948,2.6,gas_station,"Av. Luís Viana Filho, 2078 - Imbuí, Salvador"
77,Posto Petrobras,ChIJzeOrx58FFgcRmB3AqZ9E2lc,-12.99837,-38.50404,3.9,gas_station,"Av. Anita Garibaldi, S/N - Federação, Salvador"
78,Posto Petrobras,ChIJmV2_ydUFFgcRnZnTS95MiQI,-12.9913424,-38.5234162,3.4,gas_station,"Av. Reitor Miguel Calmon, 2240 - VALE DO CANELA, Salvador"
79,Posto Shell - Grl Organizacao Rev Combs Lubs Ltda,ChIJN4kHQtEaFgcRjFIW9x-KCRk,-12.954721,-38.4749714,3.9,gas_station,"Av. Barros Reis, 3132 - Pau Miúdo, Salvador"
80,Posto Shell - POSTO JEQUITAIA LTDA,ChIJNULcFOAEFgcRM-3x3OeW05Y,-12.9625032,-38.5048605,3.9,gas_station,"Tv. Frederico Pontes, 107 - Água de Meninos, Salvador"
81,Posto Trobogy,ChIJ6VawrMgQFgcRvVr2SuJalC4,-12.9194064,-38.4108764,4.0,gas_station,"Av. Aliomar Baleeiro, 6880 - São Marcos, Salvador"
82,Posto De Gasolina Menor Preço,ChIJ57NR7asRFgcRWrK73uo24VA,-12.8951158,-38.4474951,3.9,gas_station,"Dom Avelar, Salvador"
83,POSTO DE COMBUSTIVEIS NEVES LTDA,ChIJx3DQOdoaFgcRJKY7Zp1jvJE,-12.9646906,-38.4725408,3.9,gas_station,"R. Silveira Martins, 433 - Cabula, Salvador"
84,Posto Petrobras,ChIJy4rZCExYzpQRYM0Es8bQDVc,-12.938638,-38.45322790000001,3.9,gas_station,"Av. Cardeal Avelar Brandão Villela, 286 - Mata Escura, Salvador"
85,Posto Shell - Gas On Line Com E Serv Ltda,ChIJweSQ8KUcFgcRXwo2iekIjkQ,-13.0136014,-38.4743117,4.0,gas_station,"Av. Amaralina, 441 - Amaralina, Salvador"
87,Posto Ipiranga,ChIJT3Zg3-wzb5MRExuw3PxObjs,-12.9054494,-38.4610048,4.0,gas_station,"Estrada Campinas de Pirajá, sn - Mal. Rondon, Salvador"
88,Posto Shell Kalilandia - Nova Brasília,ChIJaw_OksMQFgcRmQksrYItxn4,-12.9169977,-38.4173886,4.0,gas_station,"5717, Av. Aliomar Baleeiro, 5557 - São Marcos, Salvador"
89,Posto Petrobras,ChIJBU95HWYbFgcRJGLCxYf9-qw,-13.00047,-38.45925,3.9,gas_station,"AV ANTONIO C MAGALHAES, S/N - Itaigara, Salvador"
90,Posto Shell - Posto Kalilandia Ltda,ChIJ0T8VQtkEFgcRyx3M2cXBVjE,-12.9702178,-38.4975978,3.9,gas_station,"R. Cônego Pereira, 03 - Baixa de Quintas, Salvador"
91,Posto Ipiranga,ChIJ01ck-rcFFgcRBonaXXEXSM4,-12.9927451,-38.4960036,4.6,gas_station,"Engenho Velho de Brotas, Salvador"
92,Posto Petrobras,ChIJzd2ow8MEFgcRKwKj29T04QU,-13.0065563,-38.4929175,4.4,gas_station,"Av. Vasco da Gama, 4838 - Rio Vermelho, Salvador"
94,Posto Petrobras,ChIJmUvRsgAbFgcR075Ie2VWFiM,-12.9830466,-38.4833666,0.0,gas_station,"Av. Gen. San Martin, 161 - RETIRO, Salvador"
95,Posto Petrobras,ChIJye3_x_cPFgcROzhoXiTG1t4,-12.9845821,-38.51936600000001,3.5,gas_station,"R. Carlos Gomes, 1064 - Dois de Julho, Salvador"
96,Posto Petrobrás,ChIJzTJxI9oaFgcRH5W5SO048pw,-12.9650445,-38.4729811,4.0,gas_station,"Praça Francisco Manoel, 19 - Cabula, Salvador"
97,Posto Petrobras,ChIJfUDwU6kRFgcRPW1A7VBZDxE,-12.9320185,-38.4577444,4.0,gas_station,"Av. Cardeal Avelar Brandão Villela, 286 - Tancredo Neves, Salvador"
99,Posto Novo Horizonte Petrobrás,ChIJvai0f1waFgcR3imaf2iX_88,-12.9602924,-38.43369070000001,3.9,gas_station,"Av. Luís Viana Filho, 3073 - Paralela, Salvador"
101,Posto Petrobras,ChIJxW51swUbFgcRX6W1W2-nmC4,-12.9816497,-38.4499405,4.3,gas_station,"R. Edístio Pondé, 474 - Stiep, Salvador"
102,Posto Petrobras,ChIJYxh8upgbFgcRu649ixa3p14,-12.96178,-38.47802,5.0,gas_station,"Av. Barros Reis, 1681 - Pau Miúdo, Salvador"
104,Posto Shell Albalonga,ChIJ2-aZZAYFFgcRlGzXLr4Bd3Y,-12.9979827,-38.4919129,4.0,gas_station,"Av. Vasco da Gama, 3883 - Rio Vermelho, Salvador"
105,Posto Petrobras,ChIJv8FZG-4EFgcRqZeBoMFiWPA,-12.9766241,-38.5162485,4.3,gas_station,"Av. Lafayete Coutinho, 3 - Comercio, Salvador"
107,Posto Ipiranga,ChIJp5kvRWwQFgcRBoUw1SgY6zs,-12.92327,-38.460712,4.2,gas_station,"Av. Cardeal Avelar Brandão Villela, 2505 - Mata Escura, Salvador"
108,Posto Shell - G A Mendes Com De Comb Ltda,ChIJuxv0z6AEFgcR3C3zJpesA6A,-13.0023778,-38.5013229,4.0,gas_station,"Av. Cardeal da Silva, 907 - Federação, Salvador"
109,Posto Ipiranga,ChIJ-ZsN6iQbFgcR4h1i41UUJNc,-12.9732496,-38.4782945,4.1,gas_station,"Av. Antônio Carlos Magalhães, 5863 - Santa Teresa, Salvador"
111,Posto Campinas,ChIJz-taoacRFgcRKt7IT4v2gDE,-12.916803,-38.4656803,3.7,gas_station,"Estrada Campinas de Pirajá, 1 - Pirajá, Salvador"
113,Posto Ipiranga,ChIJW38q1k8FFgcRjPueAcMvQkk,-12.9360866,-38.4916739,3.9,gas_station,"Av. Afrânio Peixoto, 14 A - Lobato, Salvador"
115,Auto Posto Camurupim,ChIJrdnmZ6AcFgcRTcgDVAL9JZ0,-13.0102405,-38.4651548,3.8,gas_station,"Av. Octávio Mangabeira, 429 - Pituba, Salvador"
116,Posto Petrobras,ChIJQQAAiNcEFgcR-reumNJAELM,-12.9665796,-38.4926501,3.9,gas_station,"R. Cônego Pereira, 796 - Matatu, Salvador"
118,Posto Marina de Combustiveis,ChIJ_YFslQAQFgcRph-P_QT5l98,-12.9298246,-38.4811229,3.7,gas_station,"Av. Contôrno - Comercio, Salvador"
119,Posto Shell,ChIJHXCJhSsbFgcR6AJWnDLCeaw,-12.9690146,-38.4248666,4.1,gas_station,"Av. Jorge Amado, 80 - Boca do Rio, Salvador"
191,Loja Shell Select - POSTO SHELL - FT COM VAREJISTA LTDA ME,ChIJtUKHNPkZFgcR6WqisCVgDd4,-12.9571844,-38.3919654,4.5,gas_station,"Av. Octávio Mangabeira, SN - Jaguaribe, Salvador"
200,Posto Ipiranga,ChIJ01ck-rcFFgcRBonaXXEXSM4,-12.9927451,-38.4960036,4.5,gas_station,"Engenho Velho de Brotas, Salvador"
201,Station 4 Fuel Trade,ChIJ-YzslmkQFgcRwlVyel1m_ag,-12.9179776,-38.4602748,4.0,gas_station,"Av. Aliomar Baleeiro, 578 - São Marcos, Salvador"
216,Posto Avenida-24 Horas,ChIJZxQhJ9oaFgcRgcn8N04JRAQ,-12.9650652,-38.47295889999999,3.8,gas_station,"Praça Francisco Manoel, 19 - Cabula, Salvador"
219,Posto do Cristo de Combustiveis,ChIJnU-N9mcDFgcR6Q0IfJMfw4g,-13.0080209,-38.5190272,4.3,gas_station,"Av. Oceânica, 1460 - Ondina, Salvador"
221,Posto SR,ChIJA7Pgub0EFgcRZW-QsDSOL5Y,-13.0065563,-38.4929175,5.0,gas_station,"Av. Vasco da Gama, 4838 - Engenho Velho da Federacao, Salvador"
224,Posto Petrobras,ChIJRzQtwq8bFgcRH4Tf8TWPcbI,-12.9519563,-38.4763278,0.0,gas_station,"Av. Gen. San Martin, 161 - Retiro, Salvador"
228,JSM COMB LTDA,ChIJWbvmxuUaFgcRx44aCm0tUTw,-12.9555244,-38.4688187,4.0,gas_station,"Av. Luís Eduardo Magalhães, 3091 - Cabula, Salvador"
229,Posto Shell - Rc7 Comercio De Combustiveis Ltda,ChIJ66UvwSAFFgcRbEGz9zquToU,-12.9642937,-38.5015198,4.1,gas_station,"R. Eng. João Pimenta Bastos, 260 - Barbalho, Salvador"
230,Posto Ipiranga,ChIJbyw4N88aFgcR3JztDFS6R2M,-12.9560224,-38.476014,3.9,gas_station,"Av. Barros Reis, 2930 - Arraial do Retiro, Salvador"
231,Posto Portoseco,ChIJFXUtPQgRFgcRBuaAifBoTLo,-12.9054938,-38.4552949,3.6,gas_station,rod BR 324 - s/n
233,Posto BR - Armação,ChIJ1Qfw0jUaFgcR13DWqGkAJks,-12.9849968,-38.4347865,4.0,gas_station,"Avenida Otávio Mangabeira, s/n - Armação, Salvador"
236,Posto Shell - Tic Comercio De Combustiveis Ltda,ChIJFRqPGsUaFgcR98zyN-nzztU,-12.9592252,-38.4723221,3.9,gas_station,"Rod BR. 324, Acesso, Norte, 1120 - Cabula, Salvador"
237,Comercial de Combustível Cidade Jardim,ChIJXYBC2FMDFgcRi5Rvkhhwzag,-12.9957264,-38.4775384,4.3,gas_station,"Av. Juracy Magalhães Júnior, 2575 - Rio Vermelho, Salvador"
239,"Posto Ipiranga, Antigo P4",ChIJzQfpuh4QFgcRXIlkEnsEcrM,-12.9161475,-38.480493,4.0,gas_station,"Av. Afrânio Peixoto, 3164 - Lobato, Salvador"
255,Loja Shell Select - POSTO SHELL - ENTREPOSTO COMERCIAL DE AMARALINA L,ChIJwfAsZhMdFgcRzqS5cKPGVgQ,-13.013062,-38.4743486,0.0,gas_station,"Av. Amaralina, 441 - Amaralina, Salvador"
257,Posto Petrobras,ChIJcX7k4hsDFgcR4LEYDKbLkVI,-13.0083454,-38.5265642,0.0,gas_station,"R. Miguel Burnier, 01 - Barra, Salvador"
274,RANK PITUBA shell (PFOS),ChIJK7LWx3obFgcRxs8CvhyIGyE,-13.0046806,-38.4538754,3.9,gas_station,"Av. Octávio Mangabeira, 1283 - Pituba, Salvador"
276,Stations Network Cheapest,ChIJu2nQcF8DFgcRZO1X96EoGu4,-13.0039785,-38.5031124,3.9,gas_station,"Av. Anita Garibaldi, 1746 - Ondina, Salvador"
277,Desk Mataripe 5 - Petrobras,ChIJwbVp8SIbFgcR6dAN_Iis5IM,-12.979167,-38.4657116,3.9,gas_station,"Av. Antônio Carlos Magalhães, 4222 - Pernambués, Salvador"
278,Posto Real,ChIJtexGOLsaFgcRzXWHoW4tNwk,-12.9429288,-38.4706449,5.0,gas_station,"Av. Barros Reis, 3132 - Retiro, Salvador"
280,Posto Ipiranga,ChIJOZWYIwQbFgcRaHJ1QsfLRCA,-12.9801747,-38.4488855,4.1,gas_station,"Av. Prof. Manoel Ribeiro, 1570 - Stiep, Salvador"
281,Posto Ipiranga,ChIJ0XwvTEYFFgcROPpQfcpw_No,-12.9448464,-38.4973322,3.9,gas_station,"R. Nilo Peçanha, 113 - Calçada, Salvador"
282,Menor Preço,ChIJ3dMYtbUaFgcR2UxMq-STvIY,-12.9476472,-38.4810746,3.9,gas_station,"Av. Gen. San Martin, S/N - Santa Monica, Salvador"
283,Loja Shell Select - POSTO SHELL - POSTO CASAGRANDE LTDA,ChIJU3y6l0gFFgcRA5LOJh6pl8U,-12.9785527,-38.4997116,4.2,gas_station,"R. Frederico Costa, 07 - Nazaré, Salvador"
285,Posto Shell - SRB REVENDEDORA DE COMB E LUBS LTD,ChIJqRgr-pcbFgcRZr97DMazk20,-12.9548683,-38.4748774,4.0,gas_station,"Av. Barros Reis, 636 - Amaralina, Salvador"
287,D+,ChIJBxmWLrgaFgcRRcwxyijzk88,-12.9491344,-38.474066,5.0,gas_station,"R. Jaqueira do Carneiro, 32 - Fazenda Grande do Retiro, Salvador"
288,Posto Barbalho,ChIJOfGDJN8EFgcR4K73Sr_ySLw,-12.9674065,-38.5019807,4.2,gas_station,"Ladeira do Arco, 88 - Barbalho, Salvador"
289,Loja Shell Select - POSTO SHELL - SRB REVENDEDORA DE COMB E LUBS LTD,ChIJg-cbK3wbFgcRdm3FsZhK2I4,-12.95868,-38.477179,0.0,gas_station,"Av. Barros Reis, 1223 - Iapi, Salvador"
290,Brasilgás,ChIJJehDGHwFFgcRiXUr5-5zY30,-12.9930026,-38.4937009,5.0,gas_station,"Rua Padre Eloy - Acupe de Brotas, Salvador"
291,Stations Network Cheapest,ChIJZzy3NqUEFgcRiLb9y1pxID4,-12.9951369,-38.4971757,3.9,gas_station,"Av. Vasco da Gama, 237 - Federação, Salvador"
292,P4 Combustíveis,ChIJK50Sw0YFFgcRCehHYQ_2NIs,-12.9436329,-38.49968459999999,4.3,gas_station,"Calçada, Salvador"
293,Br,ChIJoX3dhDMbFgcRbwSPnzxB8AA,-12.9827813,-38.4819735,3.7,gas_station,"Av. Mario Leal Ferreira - Brotas, Salvador"
294,Posto Shell - Gr Revend De Comb E Lubrif Ltda Me,ChIJXwmgKLYaFgcRUgWFC8WRUPU,-12.9515868,-38.4771893,4.1,gas_station,"Av. Gen. San Martin, 95 - Iapi, Salvador"
295,Ecoposto Albatroz,ChIJpZ45UFEFFgcR64oNKcf7sek,-12.9361297,-38.4916652,4.1,gas_station,"av Afrânio Peixoto - s/n, Salvador"
296,Posto Shell - Auto Posto Budiao Ltda,ChIJP2c7bwkbFgcR2VXQ2uc_uFs,-12.9884722,-38.4468105,3.9,gas_station,"R. Dr. Augusto Lopes Pontes, 167 - Costa Azul, Salvador"
297,Loja Shell Select - POSTO SHELL - AS BENEDITAS COM DE ALIMENTOS LTDA,ChIJv501PrwbFgcRrrF4F-bIGQ0,-13.0046786,-38.4822513,3.0,gas_station,"P SHELL - R. Mundo Novo, 1428 - Rio Vermelho, Salvador"
298,Posto Shell - Pituba Derivados De Petroleo Ltda,ChIJ7fc81mQbFgcRrGIJTh09Aew,-13.0047014,-38.45385700000001,3.8,gas_station,"Av. Octávio Mangabeira, 1283 - Pituba, Salvador"
299,Loja Shell Select - POSTO SHELL - GRL ORGANIZACAO REV COMBS LUBS LTDA,ChIJZ_j6yzwbFgcR77cP5ZLG3jk,-12.954982,-38.47514,4.6,gas_station,"Av. Barros Reis, 3132 - Iapi, Salvador"
306,Posto Petrobras,ChIJbdWMYQcbFgcR6E3Z8Gxsje4,-12.9818,-38.44301,3.8,gas_station,"Avenida Arnaldo Lopes da Silva, 736 - Stiep, Salvador"
307,Posto Petrobras,ChIJs_jaROAEFgcR-LOVKpr_ACs,-12.9661006,-38.5078261,3.7,gas_station,"Av. Jequitaia, 50 - Comercio, Salvador"
332,Loja Shell Select - POSTO SHELL - AUTO P CENTENARIO COM COMB SER LTDA,ChIJkwrbqnIFFgcRLDF2y4D4IH4,-13.0004852,-38.5170717,4.0,gas_station,"Av. Centenário, 328 - Chame-Chame, Salvador"
341,Petrobras,ChIJ__-bcIAEFgcROSWWirezo8I,-12.99707,-38.52653,0.0,gas_station,"R. da Graça, 120 - Graça, Salvador"
344,Posto Independência (Ipiranga),ChIJl_Yc1-sEFgcR43xIDZZe_FI,-12.9786888,-38.5093296,4.1,gas_station,"Ladeira da Independência, 30 - Nazaré, Salvador"
348,Posto Shell,ChIJp7hynA4bFgcRgFNuhv_DcqQ,-12.9888053,-38.4493604,3.8,gas_station,"Av. Prof. Magalhães Neto, 594 - Pituba, Salvador"
351,Posto Petrobras,ChIJuyeAe4AEFgcRFbzO9odewwg,-12.99654,-38.52706,4.6,gas_station,"R. da Graça, 06 - Graça, Salvador"
356,Posto Petrobras,ChIJe2bd5dMFFgcR2-O9lh6J964,-12.9763627,-38.5160737,0.0,gas_station,"Av. Lafayete Coutinho, 03 - Comercio, Salvador"
359,Posto Ipiranga,ChIJjS8D3-wzb5MRFbLy3DdQHfs,-12.9622325,-38.4903607,4.4,gas_station,"R. Rodrigo de Menezes, s/n - Baixa de Quintas, Salvador"
432,POSTO DE COMBUSTÍVEIS SHEL,ChIJXfe8Ju8FFgcR5xH8qwadvR4,-12.9300495,-38.50418579999999,5.0,gas_station,"Av. Caminho de Areia - Caminho de Areia, Salvador"
469,Posto BR,ChIJkwAEK34EFgcRBfG3-h6m3jw,-12.9966117,-38.5269744,3.9,gas_station,"R. da Graça, 59 - Graça, Salvador"
476,Posto Avenida-24 Horas,ChIJJTFHOd8EFgcRC9QpoFYgxdw,-12.9668128,-38.50169,4.4,gas_station,"R. Manoel Caetano, 20 - Barbalho, Salvador"
477,Posto Sol,ChIJTQ-kSs4aFgcRmrQ4MwZ7q7Y,-12.9586948,-38.4772811,4.0,gas_station,"Av. Barros Reis, 1223 - Iapi, Salvador"
478,Micro Posto Rio Vermelho,ChIJs2DnHCwFFgcRcP42LtzG2sI,-12.9622331,-38.4902921,3.7,gas_station,"R. Rodrigo de Menezes, 1 - Baixa de Quintas, Salvador"
495,Br Petrobras,ChIJE3L55B8aFgcRiTB31r610MQ,-12.9631242,-38.4014525,3.5,gas_station,"Av. Octávio Mangabeira, s/n - Itapuã, Salvador"
513,Br,ChIJr1ebm6AEFgcRBDizA9gqhz4,-13.002943,-38.5025452,0.0,gas_station,"R. Eduardo José dos Santos - Engenho Velho da Federacao, Salvador"
523,Posto Petrobrás,ChIJrR84yLQbFgcRslCdPkbbN4E,-12.9789999,-38.4276772,3.5,gas_station,"Av. Octávio Mangabeira, 6094 - Boca do Rio, Salvador"
719,Posto Petrobras,ChIJnZ40_c4FFgcR-ILh7NzXkxM,-12.95536,-38.50008,0.0,gas_station,"Largo da Lapinha, 12 - Liberdade, Salvador"
721,Shell,ChIJD5YAjW0RFgcRHI4Ght366-I,-12.8789639,-38.4318985,3.9,gas_station,"Valeria, Salvador"
727,Brasil gas,ChIJj5mMY5QXFgcRqsK4StkPOtM,-12.9057698,-38.3874016,0.0,gas_station,"Fazenda Grande 4, Salvador"
753,BRASILGAS ALAGOAS GÁS,ChIJ3fYAYkcRFgcREUoySmf_0CM,-12.8854362,-38.4147363,5.0,gas_station,"R. E Cj, 2, R. da Esperança de Cajazeiras, 11, Salvador"
783,Ipiranga,ChIJzxJ3pR4QFgcRYjBKrCnsHkY,-12.9163203,-38.48043910000001,4.1,gas_station,"Lobato, Salvador"
819,Posto Petrobras,ChIJZ2fNVeQRFgcRNzk4BJAGBZQ,-12.86751,-38.47732,4.0,gas_station,"Av. Afrânio Peixoto, S/N - Periperi, Salvador"
827,Posto BR,ChIJU6Jb5xASFgcR4PqrGu8A9i8,-12.8449899,-38.4696311,3.7,gas_station,"Av. Afrânio Peixoto - Paripe, Salvador"
831,Posto Petrobras,ChIJZR3hwhcSFgcR527P2o0sZoI,-12.8894901,-38.482713,3.9,gas_station,"Av. Suburbana, s/n - Itacaranha, Salvador"
835,Posto Ipiranga,ChIJOf-MgkkFFgcR3Wml41rFw8g,-12.9460977,-38.4908486,3.9,gas_station,"Estr. da Liberdade, 428 - Liberdade, Salvador"
939,Posto Ipiranga,ChIJAXEetG0QFgcRq8YP9n6b5wo,-12.9231914,-38.4607215,3.9,gas_station,"Av. Cardeal Avelar Brandão Villela, 2505 - Mata Escura, Salvador"
945,Posto Albatroz,ChIJ27qwExwQFgcR4NpQlC1UAgs,-12.9178085,-38.4807226,4.0,gas_station,"Av. Afrânio Peixoto, 2995 - Lobato, Salvador"
960,Shell,ChIJBQpa_qYXFgcRUwVQKLC4MYo,-12.9265927,-38.35594409999999,3.8,gas_station,"Itapuã, Salvador"
961,Shell,ChIJWxOtt70XFgcR6m3fuZNkkLI,-12.9336178,-38.3443619,3.9,gas_station,"Stella Maris, Salvador"
962,Posto Armação,ChIJe8M9bNgZFgcRUvmFxRl8Gdg,-12.9508283,-38.3708364,4.1,gas_station,"Av. Octávio Mangabeira - Jardim Placaford, Salvador"
963,Posto Petrobras,ChIJmXlThTUXFgcRFG8lXPDkvX8,-12.94222,-38.36499,5.0,gas_station,"Av. Dorival Caymmi, 1001 - Itapuã, Salvador"
964,Posto Petrobras,ChIJ202lA2IZFgcR1exfgELBo1c,-12.95306,-38.379411,3.9,gas_station,"Av. Octávio Mangabeira, S/N - Itapuã, Salvador"
968,Posto Kalilandia - Piatã,ChIJcWnHBt4ZFgcRvu9DggDB4jE,-12.9530759,-38.3793951,3.9,gas_station,"Av. Octávio Mangabeira, 11905-11949 - Piatã, Salvador"
972,Posto Shell - Portal De Itapua Com Serv Ltda,ChIJ06afVaYXFgcRBZxAQXrBy2c,-12.9265844,-38.3559689,2.7,gas_station,"AV DORIVAL CAYMMI, SN, Salvador"
973,Ipiranga,ChIJraOGMpQXFgcRkSWnjgqxsqM,-12.9385464,-38.3422364,3.7,gas_station,"Stella Maris, Salvador"
974,Post Cheapest,ChIJ01Vf7RYXFgcRmvR4h9QR_EY,-12.923994,-38.3764887,3.6,gas_station,"Av. Luís Viana Filho - Cajazeiras, Salvador"
975,Posto Itapuã,ChIJecYuD3oXFgcREMWwcpDZk3w,-12.9422556,-38.36504300000001,3.9,gas_station,"Av. Dorival Caymmi, 1001 - Itapuã, Salvador"
976,Br,ChIJH3ajQOIWFgcR9S7ThXi3bvo,-12.9101095,-38.3731677,4.0,gas_station,"Av. Aliomar Baleeiro - Mussurunga I, Salvador"
977,Posto Shell - 3L COM DE COMB E LUBRIF LTDA,ChIJcyfaDyMRFgcRuaUWkTQdfVE,-12.91587,-38.345083,3.9,gas_station,"Av. Carybé - São Cristóvão, Salvador"
978,Larco,ChIJtT6s1XUXFgcR3oBnOn7tIL8,-12.9372324,-38.3610006,4.0,gas_station,"Av. Dorival Caymmi, 14926 - Itapuã, Salvador"
979,Posto Avenida,ChIJsbnb8vgWFgcREytL1XaH5I4,-12.9071245,-38.3600883,4.3,gas_station,"Avenida Santos Dumont, 8 - s/n km 4 - São Cristóvão, Salvador"
981,Posto Petrobras,ChIJWxUdyysYFgcRnTQ3yFa1u0k,-12.95486,-38.35481,5.0,gas_station,"R. Prof. Souza Brito, 1014 - Itapuã, Salvador"
982,Posto Petrobras,ChIJbyEQQOIWFgcRJoEF5jBl9ME,-12.910137,-38.3731798,3.9,gas_station,"Av. Aliomar Baleeiro, 13073 - Km 13,5 - São Cristóvão, Salvador"
984,Aleluia Comércio de Combustiveis,ChIJazFrxFUWFgcRzMCKiM-Ve3k,-12.911154,-38.3617003,4.0,gas_station,"Av. Aliomar Baleeiro - São Cristóvão, Salvador"
985,Posto de combustível (GNV),ChIJRcHnb2EXFgcRpKhKdL3kpC4,-12.9161684,-38.3450126,4.4,gas_station,"São Cristóvão, Salvador"
986,Posto de combustível P4,ChIJx7w09K8XFgcRfDLCwlY49js,-12.9477356,-38.3438618,1.0,gas_station,"Av. Gen. Severino Filho - Stella Maris, Salvador"
993,Posto Ipiranga,ChIJXS1AxFUWFgcRIbpWMKIaKwA,-12.9111652,-38.3616905,3.8,gas_station,"Av. Aliomar Baleeiro, 14404 - São Cristóvão, Salvador"
994,Posto Petrobras,ChIJS453UEsXFgcR1XoOwsIjBbU,-12.90158,-38.36794,0.0,gas_station,"ROD BA-526, KM 05 - CEASA S/N - Cassange, Salvador"
996,Posto Coopmetro,ChIJLWzF8QcXFgcRX_RFlcuQFRw,-12.9226584,-38.3593276,3.5,gas_station,"Tv. Vila Romana, 810 - Itapuã, Salvador"
998,Petrobras,ChIJq6pqhZIXFgcRSIwgS-U8GVI,-12.94529,-38.33962,3.0,gas_station,"R B PARQUE, S/N - Stella Maris, Salvador"
999,Posto de combustível P4,ChIJS5_yc1AXFgcRPsOunrHBH3Q,-12.9483486,-38.3442274,3.6,gas_station,"Av. Gen. Severino Filho, 1048 - Stella Maris, Salvador"
1000,PORTAL DE ITAPUA COM E SERV LTDA,ChIJ8RtL-tURFgcRNwre428idkk,-12.9335439,-38.3443742,4.0,gas_station,"Alameda Dilson Jatahy Fonseca, 1248 - LT 57 QD D - Stella Maris, Salvador"
1001,Posto Petrobras,ChIJP7V7a6wXFgcRkSARA6qXYLQ,-12.91852,-38.35231,3.9,gas_station,"Av. Dorival Caymmi, 17336 - São Cristóvão, Salvador"
1002,Posto de gasolina São Gonsalo,ChIJKeDYUxURFgcR0-gocr2OqrA,-12.9195716,-38.4108756,3.0,gas_station,"R. Mocambo, 1037-951 - Trobogy, Salvador"
1003,Posto Petrobrás TOKAIA,ChIJs2w1l6gXFgcRlFi4c5bjYZo,-12.9235,-38.35509,3.7,gas_station,"Av. Dorival Caymmi - Itapuã, Salvador"
1004,Lava Jato Alto Brilho,ChIJFyjVSUcWFgcRUEtF4VeN6t4,-12.9035993,-38.3389552,4.2,gas_station,"BA-099, 450 - Jardim dos Passaros, Lauro de Freitas"
1005,Posto Rede X - Vinicius de Moraes,ChIJX77rNSoYFgcRpJiWgHhxtBU,-12.9548931,-38.3547974,4.1,gas_station,"R. Prof. Souza Brito, 1014 - Itapuã, Salvador"
1006,Posto Petrobras,ChIJF_nW5RIXFgcRMaLeq088K08,-12.910605,-38.355539,0.0,gas_station,"Av. Aliomar Baleeiro, 13073 - São Cristóvão, Salvador"
1010,Posto m55 comércio de Combustíveis P4,ChIJ8aV891AWFgcRU-KEw09E740,-12.9063182,-38.3523399,4.6,gas_station,"BA-526, 305 - São Cristóvão, Salvador"
1012,Ecopostos Fuels and Services,ChIJdW_nJhkaFgcRNQiUZpJlXqk,-12.9603155,-38.4065403,4.0,gas_station,"Av. Prof. Pinto de Aguiar, 650 - Patamares, Salvador"
1013,Posto Bonjuor P5,ChIJa2h3CkQXFgcRSBluASrGl-k,-12.9049869,-38.3490158,4.5,gas_station,"Rua Maria Luiza Alves - Jardim das Margaridas, Salvador"
1015,Lubrax +,ChIJsWWIOlUXFgcRer0fEm5iRkE,-12.8954552,-38.3290958,0.0,gas_station,"Estrada do Côco, 2821 - Centro, Lauro de Freitas"
1016,Loja Shell Select - POSTO SHELL - POSTO BOM SAMAR COM DER PETROL LTDA,ChIJR7R5JsUXFgcRW13xE3Z7gkM,-12.8971038,-38.3300631,4.7,gas_station,"AV SANTOS DUMON, 2616 QD J LT 4 E 5, Lauro de Freitas"
1018,Posto Petrobras,ChIJXZ5_WM0XFgcRfSNkhmVVkOY,-12.8953064,-38.3291119,2.0,gas_station,"Av. Santos Dumont, 2873 - Itingá, Lauro de Freitas"
1019,Posto Br Dunas,ChIJ_x5_bKwXFgcRCl1ngpfvjnE,-12.9185647,-38.3523603,4.1,gas_station,"Av. Dorival Caymmi, 17336 - Itapuã, Salvador"
1029,Posto Petrobras,ChIJGVelKRkaFgcRuAHPxK-KBns,-12.9603072,-38.40654019999999,4.4,gas_station,"Av. Prof. Pinto de Aguiar, 650 - Pituaçu, Salvador"
1030,Posto Petrobras,ChIJt8fdhBAWFgcRnPKAlMX4m8o,-12.9007165,-38.3335117,4.0,gas_station,"Estrada do Coco, Km 1,5, Estrada do Côco, Salvador"
1036,Posto Ipiranga,ChIJUaqw3uwzb5MR8xU_Cx0ykZQ,-12.906348,-38.3523974,4.1,gas_station,"Estrada Cia Aeroporto, KM 14, Salvador"
1045,Posto Novo Horizonte II,ChIJfc7rkXIaFgcR_sZbjcEv61I,-12.9490519,-38.4230234,4.5,gas_station,"Av. Luís Viana Filho, 46 - Pituaçu, Salvador"
1046,posto de gasolina,ChIJV92YhWgWFgcR8a9gNlo7GXo,-12.8941054,-38.3475997,3.6,gas_station,"41301-110, R. Lauro de Freitas - Lot. Jardim Metropole, Salvador"
1052,Posto de Combustíveis Menor Preço,ChIJk83iNUcWFgcRMXULtUQfasU,-12.9035621,-38.3390877,3.8,gas_station,"Av. Santos Dumont - Jardim dos Passaros, Lauro de Freitas"
1057,Posto Ipiranga,ChIJF3Xq3uwzb5MRJEAwqZEkOhs,-12.9063565,-38.3524463,3.9,gas_station,"7,5, BA-526, Sn - São Cristóvão, Salvador"
1068,Petrobras,ChIJFXUtPQgRFgcRCc2x4iw6lNU,-12.9009518,-38.4527631,3.7,gas_station,"Marginal Rodovia Br-324, s/n - KM 9,5 - Pirajá, Salvador"
1077,Posto Petobras,ChIJL3AFCKYRFgcRPnPsOOPpt38,-12.909971,-38.4138726,4.1,gas_station,"Tv. Pres. Jânio Quadros, 123 - Jardim Nova Esperanca, Salvador"
1196,Posto Petrobras BR,ChIJYRDT35AXFgcRMZUr8zhoLcQ,-12.936223,-38.3321767,0.0,gas_station,"R. Cap. Melo, 92 - Stella Maris, Salvador"
1220,Pit Stop,ChIJ_QdfKRwWFgcRvhvAn-fW_Bk,-12.8965454,-38.3195261,3.7,gas_station,"Centro, Lauro de Freitas"
1229,Br Petrobras,ChIJCQgzaz4WFgcR9qqDXfbSXE8,-12.900537,-38.3334784,0.0,gas_station,"Jardim dos Passaros, Lauro de Freitas"
1245,Shell Select Bem-Vindo,ChIJ73f1zUwWFgcRcRDFCi-ExJo,-12.9160852,-38.34482879999999,4.1,gas_station,"São Cristóvão, Salvador"
1258,Posto Oitis,ChIJH3sqbo8QFgcRt_GAAQG-giM,-12.9283913,-38.4313127,3.9,gas_station,"Av. São Rafael, 2267 - São Marcos, Salvador"
1316,Posto de Gasolina Bom Preço,ChIJaZqSKxwWFgcRzCXsPzwF8wQ,-12.8967329,-38.3194475,3.9,gas_station,"42700-000, R. Belo Horizonte, 2-34 - Centro, Lauro de Freitas"
1319,Posto ABO,ChIJQ8hBvisRFgcRyT7k9U1ePts,-12.9026432,-38.40454099999999,4.0,gas_station,"Estr. do Coqueiro Grande, 1895 - Fazenda Grande 2, Salvador"
1482,Posto Petrobras,ChIJr678DPsXFgcREK4IH2oPJxQ,-12.8937909,-38.327334,0.0,gas_station,"RUA A - QD.02 S/N LOT Rua A, Lauro de Freitas"
1494,Larco,ChIJOZjHQgE-FgcRWfYUtK60OBE,-12.8796478,-38.3125205,0.0,gas_station,"Belo Horizonte, Lauro de Freitas"
1495,Menor Preço,ChIJeV4LMFIWFgcRmcVPqksNXlk,-12.9115044,-38.3502823,3.8,gas_station,"Av. Aliomar Baleeiro, S/N - São Cristóvão, Salvador"
1497,COOPMETRO,ChIJb1UcFNUWFgcRgysmOdEiORQ,-12.9085219,-38.3941929,3.9,gas_station,"Estr. do Coqueiro Grande - Fazenda Grande 2, Salvador"
1499,POSTO KALILANDIA LTDA,ChIJQUECT5MVFgcRBG7TBVP7H3w,-12.8825326,-38.3146705,3.0,gas_station,"BA-099, SN - ESTRADA DO COCO, Lauro de Freitas"
1541,Rede Posto Omega Petrobras,ChIJkRVgUSkUFgcR4kQKaeDhJfU,-12.87053,-38.3644,4.2,gas_station,"BA-526, 5185 - Cassange, Salvador"
1545,Shell - Posto Caji I,ChIJsabfOxAWFgcRhJIRGEhHytM,-12.8914207,-38.3288888,4.0,gas_station,"Caji, Lauro de Freitas"
1552,Posto Ipiranga,ChIJc3K2uxUWFgcRzMO-LpLNJnM,-12.8976526,-38.3340881,4.1,gas_station,"Av. Fortaleza, 328 - Itingá, Lauro de Freitas"
1555,Posto Ipiranga,ChIJl4VF2Owzb5MRkrjLWDDAwAo,-12.8781175,-38.3098717,4.2,gas_station,"Estr Do Coco, Km 0, s/n - Belo Horizonte, Lauro de Freitas"
1557,Posto Jockey,ChIJnwXlwxwWFgcRPVkQcD-YIO0,-12.8929055,-38.3201748,4.3,gas_station,"Av. Luiz Tarquínio Pontes, S/N - Centro, Lauro de Freitas"
1558,Posto Shell,ChIJqeCch3YWFgcRhh_TQkWq1PE,-12.8915702,-38.3288146,4.3,gas_station,"Av. José Leite - Quintas do Picuaia, Lauro de Freitas"
1676,Posto Menor Preço,ChIJaaBZZyEaFgcRv_Znh4QtKcY,-12.9665732,-38.4057186,3.8,gas_station,"R. Carimbamba, 1533 - Patamares, Salvador"
1722,Petrobras,ChIJJ2J66a0VFgcRM68kFj370-c,-12.8471507,-38.354401,0.0,gas_station,"VIA PARAFUSO KM 2.5 S/N - Areia Branca, Lauro de Freitas"
1723,Atlântico Água e gás,ChIJbWjJypQ_FgcRqDTb9kav8Bg,-12.8794104,-38.3138383,0.0,gas_station,"R. das Pitangueiras - Portão, Lauro de Freitas"
1728,Posto Stella Maris,ChIJzemSMcIXFgcRZu4d7kiSRmE,-12.936223,-38.3321767,4.0,gas_station,"R. Cap. Melo, 92 - Stella Maris, Salvador"
1729,Posto P5,ChIJrcFAqrUXFgcRMX1qsWQevVM,-12.9063281,-38.3523523,4.3,gas_station,"das, BA-526, 1343 - Jardim das Margaridas, Salvador"
1730,Posto Bike Ltda,ChIJP1vhLJQXFgcRSGwUYguOgT8,-12.9382722,-38.3422139,4.0,gas_station,"Alameda Dilson Jatahy Fonseca, 656 - Stella Maris, Salvador"
1732,Loja Shell Select - POSTO SHELL - POSTO KALILANDIA LTDA,ChIJgWhBCQ8_FgcRBCj02tAADoE,-12.8608233,-38.2868308,3.8,gas_station,"BA-099, KM 09 - SN, Camaçari"
1733,Loja Shell Select - POSTO SHELL - POSTO KALILANDIA LTDA,ChIJq1baDII_FgcR0Z4BzWV06Hk,-12.88256,-38.31469,2.9,gas_station,"RODOVIA BA 099, SN KM 3 8, Lauro de Freitas"
1735,Posto Shell - Word X Com Combustiveis E Lubrif Lt,ChIJkcTWM_0VFgcR3RDfr4TwZ-U,-12.8798116,-38.326596,4.2,gas_station,"Av. Santo Amaro de Ipitanga, 512 - Caji, Lauro de Freitas"
1736,Posto Shell Busca Vida - POSTO KALILÂNDIA LTDA,ChIJh5TGL04-FgcR5ogeXpzOzEI,-12.8570912,-38.285539,3.8,gas_station,"BA-099, S/N - Catu de Abrantes, Camaçari"
1738,Posto Ipiranga,ChIJUaqw3uwzb5MR3hmySW_e7Ek,-12.833829,-38.3567368,3.5,gas_station,"Via Parafuso, Lote Area 3, 844 - Areia Branca, Lauro de Freitas"
1739,Shell Helix,ChIJhdNEbwA-FgcRriCJ_9zraU0,-12.8825172,-38.3147382,4.0,gas_station,"Km 3.8, Posto Kalilandia Estrada do Côco S/N, Lauro de Freitas"
1768,Autoposto Shell,ChIJq-VPF-I9FgcRNdUJUkCeGlQ,-12.8867962,-38.3010062,4.1,gas_station,"Av. Praia de Itapuã, 03 - Vilas do Atlântico, Lauro de Freitas"
1778,Posto Petrobras,ChIJ5SVZRGo_FgcR8KUUJUNWl0I,-12.86273,-38.2912,3.0,gas_station,EST DO COCO ROD BA 099 KM 13 E MEIO S/N VILA DE ARRANTES
1782,Posto Shell V-Power,ChIJAR3Pc0A-FgcRYYPcWt2yyxs,-12.86646,-38.2956136,3.7,gas_station,"Estrada do Côco, Km 7 - Portão, Lauro de Freitas"
1785,Posto Petrobras,ChIJl344i-4VFgcR_-JSLfQxhsQ,-12.8181446,-38.3468469,3.1,gas_station,"VIA PARAFUSO KM 2.5 S/N - Areia Branca, Lauro de Freitas"
1788,Posto Shell - Posto Coral Com Comb E Lub Ltda,ChIJFTOwVfU9FgcRkJ_HPc2G7Ek,-12.9037507,-38.3103658,3.7,gas_station,"Av. Amarílio Thiago dos Santos, 1056 - Ipitanga, Lauro de Freitas"
1790,Petrobras,ChIJ0dEh3Y4UFgcR2H6Kjrdtrmg,-12.8378168,-38.3719121,3.8,gas_station,"ROD BA-526, KM 05 CEASA S/N - Cassange, Salvador"
1791,Petrobras,ChIJ-VN_bHA_FgcRvuJoN4az_8g,-12.8262315,-38.2653566,0.0,gas_station,R DO BARRO VERMELHO 3 VILA DE ABRANTES
1795,Posto Shell - Posto Kalilandia Ltda,ChIJM09IJBAWFgcRY1DRcZkIiD4,-12.8912856,-38.3288401,3.8,gas_station,"Loteamento - R. Chile, 353 - Lote 1 - Recreio Ipitanga, Lauro de Freitas"
1796,Posto Shell - E Das Aguas C S Comb D Pet Ltda Me,ChIJO_udsQEWFgcRBMQ5L4b1ALU,-12.885625,-38.3183863,4.0,gas_station,"AV SANTOS DUMONT KM 7, SN - PORTAO, Lauro de Freitas"
1797,Posto Celta,ChIJv_i5hBAWFgcRyXno5cDYIws,-12.8970341,-38.3300991,4.1,gas_station,"Avenida Santos Dumont, s/n, Km 20 - Estrada do coco, Lauro de Freitas"
1798,Petrobras Distribuidora,ChIJsa5IF-Q9FgcRrwnzbMyJKbg,-12.8795752,-38.3126199,4.0,gas_station,"Rua Praia Torres - s/n QU2 LT24, Lauro de Freitas"
1909,Posto Shell - Posto Kalilandia Ltda,ChIJM09IJBAWFgcRY1DRcZkIiD4,-12.8912856,-38.3288401,3.9,gas_station,"Loteamento - R. Chile, 353 - Lote 1 - Recreio Ipitanga, Lauro de Freitas"
1917,Petrobras,ChIJ0dEh3Y4UFgcR2H6Kjrdtrmg,-12.8378168,-38.3719121,3.9,gas_station,"ROD BA-526, KM 05 CEASA S/N - Cassange, Salvador"
1920,Shell,ChIJl_l41FkTFgcRT4u1xKEjjPU,-12.8019797,-38.4036615,3.6,gas_station,"Nucleo Hab. Rubens Costa Cia I, Simões Filho"
1922,Petroleo,ChIJgWTHGBcRFgcRw97yea8aVfs,-12.8909232,-38.4257473,3.0,gas_station,"Aguas Claras, Salvador"
1927,Posto 4.4,ChIJ3XwW5gsQFgcRGUpmdS3R9aw,-12.9300102,-38.4690157,4.0,gas_station,"Sao Caetano, Salvador"
1937,Luiz,ChIJORX0sKoTFgcRIzkNJJ_EO3Y,-12.818532,-38.4593656,4.0,gas_station,Simões Filho
1939,Jhon,ChIJvXD_5e9tFgcRi98ZNVgXr98,-12.7862756,-38.402154,0.0,gas_station,Simões Filho
1947,Posto Petrobras,ChIJn9sZyb0TFgcRcZkAzTw-DBI,-12.84542,-38.46881,0.0,gas_station,"ROD BA 528 KM 5.1 S/N, Estr. da Base Naval de Aratu - ESTRADA BASE NAVAL, Salvador"
1952,Empresa De Onibus,ChIJj30j7gIRFgcRxcRnXq7EsTY,-12.8955931,-38.4349441,1.0,gas_station,"R. Benedito Jenkis, 670 - Águas Claras, Salvador"
1961,Posto Guarany,ChIJue5AX4IVFgcRJR9iMkUmKMo,-12.8326056,-38.357086,0.0,gas_station,"BA-535 - Barro Duro, Lauro de Freitas"
1963,M30 Comércio de Combustiveis,ChIJez-BArURFgcRHwirAIHavXc,-12.8943969,-38.4613502,2.8,gas_station,"R. da Liberdade, 428 - Liberdade, Salvador"
1964,M - 54 Comércio de Combustiveis,ChIJBUgahFsQFgcRbegYKUhy_Fs,-12.9072223,-38.4487708,3.8,gas_station,"R. Genaro de Carvalho, 1 - Castelo Branco, Salvador"
1968,Porto 4 Milla - Fundo da Brasilgás - Prox a Lagoa,ChIJa8WMtGsQFgcRi8I3RjfbOKk,-12.9179693,-38.4602581,3.4,gas_station,"Av. Aliomar Baleeiro - Jardim Santo Inácio, Salvador"
1970,Posto Shell - M.AGUIAR COM.COMB.DER.PETROLEO LTDA,ChIJ8RtL-tURFgcRmm6EOUQsMfA,-12.8788037,-38.432101,4.2,gas_station,"BR-324, 324 - Valéria, Salvador"
1971,Posto Sheel,ChIJcfBFTWQRFgcRyJetztJa2h8,-12.8712997,-38.4329528,3.7,gas_station,"R. Cel. José Rodolfo Pereira de Souza, 1-137 - Valéria, Salvador"
1973,Menor Preço,ChIJv7cPJZkQFgcR4hg7yWnETP8,-12.9351801,-38.4250444,3.5,gas_station,"Av. São Rafael, 1127-1195 - São Marcos, Salvador"
1974,Posto Mil,ChIJDVyEEgkRFgcRaSwaNOA8bl4,-12.8871178,-38.4396131,3.7,gas_station,"BR-324, 606 - Águas Claras, Salvador"
1977,Posto de combustível 01 - PETROBAHIA,ChIJ33la0tURFgcRrQS78KMJ3aU,-12.88838,-38.4825566,4.0,gas_station,"Av. Afrânio Peixoto - Itacaranha, Salvador"
1989,Posto Ipiranga,ChIJ8W_bM-0zb5MRl55cOk4Qvmc,-12.8402879,-38.4678652,3.4,gas_station,"Av. São Luís, Sn - Paripe, Salvador"
1999,Posto Moema Petrobras,ChIJo56FT1wDFgcRCPbk_ObpsMg,-12.8515733,-38.45619620000001,3.7,gas_station,"Rodovia BA 528 Km 5,1 S/n, Estr. da Base Naval de Aratu, Salvador"
2007,Auto Posto St Antônio,ChIJ0Vj6_W8RFgcRveVRXEsbgHU,-12.8731226,-38.4323767,4.0,gas_station,"R. Cel. José Rodolfo Pereira de Souza - Valéria, Salvador"
2011,Posto Petrobras,ChIJodwgmTsTFgcRECKduX3-HlI,-12.84689,-38.46471,4.0,gas_station,"AV.SUBURBANA, S/N - Itacaranha, Salvador"
2014,Posto Petrobras,ChIJvyRDRFMTFgcR_KJDFb_u6ig,-12.84681,-38.46769,3.0,gas_station,"Av. Lafayete Coutinho, 1010 - Comércio, Salvador"
2023,Posto BR,ChIJB1PD-1gUFgcRRqEjSIOfT2M,-12.8378872,-38.3713978,3.7,gas_station,"de, BA-526, 233 - Barragem de Ipitanga, Salvador"
2026,Posto De Gasolina,ChIJEbXxecQVFgcR5HFajUr8psE,-12.8222481,-38.3998296,4.5,gas_station,"BA-526, Simões Filho"
2027,Posto de Combustíveis e Serviços,ChIJv_i5hBAWFgcRBsZMGUai_3s,-12.7992363,-38.4001392,3.8,gas_station,"R. Baía da Jaqueira, 1 - Lauro de Freitas, Simões Filho"
2032,Posto Petrobras,ChIJJXKMs-8PFgcRQHqS47UHRfk,-12.9171117,-38.4979273,3.9,gas_station,"Rua Léllis Piedade, 28 - Ribeira, Salvador"
2033,Posto Gameleira Suburbana,ChIJ86yhQNYRFgcRUI3Bx3WBRjU,-12.8883816,-38.4827431,3.8,gas_station,"Av. Afrânio Peixoto, 6718 - Itacaranha, Salvador"
2034,Posto Petrobras,ChIJqb7H5f1tFgcR_cG3dqxjimE,-12.7879707,-38.4068767,3.3,gas_station,"R.PADRE EMILE FELIX WAGNER, 161 - Centro, Simões Filho"
2035,Posto Petrobras Kalilandia - Aratu,ChIJI8uw6JoTFgcRS75-2fZBD6M,-12.8363524,-38.4130364,4.0,gas_station,"BR-324, 2013 - Lot. Recanto dos Eucaliptos, Simões Filho"
2037,Posto Shell - GRL ORG REV DE COMB LUBRIF LTDA,ChIJt1ALYagRFgcRybcyrhyiQk4,-12.91686,-38.465715,4.0,gas_station,"Estrada Piraja, Lote 01, s/n - JD CAMPINAS, Salvador"
2038,Posto Arena,ChIJv03E_ZoUFgcRjnUmniaKgPE,-12.8205246,-38.3928284,4.1,gas_station,"Av. Elmo Serejo de Farias, 3872 - Jardim Sao Joao de Deus, Simões Filho"
2161,Petrobras,ChIJl19XxysRFgcRKafXzQcFFc0,-12.9027303,-38.4046605,2.0,gas_station,"Cajazeiras, Salvador"
2164,Gastacao,ChIJ2TsC_wIRFgcRZ3rmVPellcc,-12.8986804,-38.4348797,3.2,gas_station,"R. Benedito Jenkis, 726 - Águas Claras, Salvador"
2173,JR Empreendimentos-Item 104,ChIJOROzZiUTFgcRKZFhoKOQ32U,-12.837443,-38.413202,0.0,gas_station,Simões Filho
2187,ISAC TURBOS,ChIJiYlumpQTFgcRzRkO83rp1eo,-12.8453011,-38.4172291,4.1,gas_station,Simões Filho
2200,Distribuidora De Gás Bom Gosto,ChIJs79NOs0RFgcRGRy_rNSVJrA,-12.8936201,-38.472718,3.0,gas_station,"R. Vila Prudente, 02 - Quadra B22 - Ilha Amarela, Salvador"
2203,Posto Petrobras,ChIJ22mTSd8TFgcRIQQxi2mciDk,-12.83651,-38.41314,1.0,gas_station,"ROD.BR 324 KM 16,5, Rod. Paripe CIA, S/N, Simões Filho"
2204,Posto Itapagipe (Shell),ChIJVcYe50AVFgcRU4GXxZvWkoY,-12.822497,-38.3997867,4.1,gas_station,Simões Filho
2205,Posto Petroleo,ChIJgS8Cg6lsFgcRsfMT3eISidM,-12.7870345,-38.403295,0.0,gas_station,"Parque Hildete Rocha, Simões Filho"
2208,POSTO SANTA BÁRBARA,ChIJc0kZ49YVFgcRy76M-pdLNi0,-12.8052809,-38.3946462,0.0,gas_station,"Av. Elmo Serejo de Farias, n° 1866 - Cia I, Simões Filho"
2209,Rede HG - Posto Salvador,ChIJfQLM_wgRFgcRvidvvVoQ1iQ,-12.8881449,-38.4401535,3.1,gas_station,"R. Lourival Costa, 1005 - Águas Claras, Salvador"
2210,Posto Shell - Posto Boa Viagem Com Comb Lub Ltda,ChIJadrTmNcRFgcREH0FAUUhMto,-12.8857659,-38.4835017,4.2,gas_station,"Av. Afranio Peixot, 47 Lt 4 E 7 Qd 2 - Praia Grande, Salvador"
2211,Loja Shell Select - POSTO SHELL - GRL ORG REV DE COMB LUBR LTDA,ChIJv2GYMSETFgcR9KEYAE07yg0,-12.8207168,-38.4079827,3.7,gas_station,"BR 324 KM 4.8, S/N, Salvador"
2212,Posto Moderno Petrobrás,ChIJT5lPJlFrFgcRk1pSGbOSf38,-12.7867952,-38.3947947,3.6,gas_station,"Av. Washington Luís, 169 - Centro, Simões Filho"
2213,Posto Petróleo,ChIJhx9ImqMUFgcR1puTNOpoOt4,-12.8090038,-38.39347009999999,4.0,gas_station,"Av. Elmo Serejo de Farias, 2182-2380 - Nucleo Hab. Rubens Costa Cia I, Simões Filho"
2214,Posto Marina,ChIJ-woLYMMSFgcRinTE7qwDGqg,-12.797744,-38.4547757,4.4,gas_station,Simões Filho
2216,Posto Petrobras,ChIJmwpA25NtFgcRm2bZjjV6BLI,-12.7703572,-38.4012012,4.0,gas_station,"Av. Washington Luís, 2128 - Cristo Rei, Simões Filho"
2219,Posto Petrobras,ChIJ_yh9r2URFgcRlnXvmVUBtGQ,-12.8896123,-38.4835137,0.0,gas_station,"Itacaranha, Salvador"
2257,Comercial Paraky e Combustíveis,ChIJG8thOKVsFgcRGcSysaSnMxM,-12.7793174,-38.4092934,3.5,gas_station,"BA-093, 1 - Lot. Jardim Renatao, Simões Filho"
2260,Posto Inema,ChIJLV_kzkMSFgcRGbaixRWykKA,-12.8337661,-38.4608592,3.7,gas_station,"R. Marquês de Olinda, 284 - Paripe, Salvador"
2262,Posto Petrobahia,ChIJw9Tbq1ZrFgcRdcrlmTTGqhU,-12.813056,-38.3907835,3.6,gas_station,"Av. Elmo Serejo de Farias, 590 - CIA I, Simões Filho"
2265,Petrobras,ChIJHRIkY97yFgcRwI33dtIYo5A,-12.778812,-38.4092899,2.5,gas_station,"ROD BA 093, KM 01 S/N SEDE, Simões Filho"
2268,Posto P4,ChIJ8W-Nqy0RFgcROg80cYlNwaE,-12.9071847,-38.4486442,4.0,gas_station,"Avenida Genaro de Carvalho, S/N - Castelo Branco, Salvador"
2269,SODIC - POSTO BOA VIAGEM,ChIJq2aDxYcRFgcRdO51nQqWJgY,-12.8795127,-38.4314854,3.9,gas_station,"Rodovia BR 324, S/N, KM 11,6 - Valéria, Salvador"
2270,Posto Shell GRL Boas Vindas,ChIJPxYJ7m0RFgcR-cAFUg8wUr4,-12.8785431,-38.4316945,3.6,gas_station,"1A Travessa Ruth Fernandes, 268-336 - Valéria, Salvador"
2275,Posto Menor Preço,ChIJy4HTHccRFgcRwAWDH3TzQK4,-12.8720432,-38.4268495,3.8,gas_station,"R. José Roberto Otoni, 3090 - Valéria, Salvador"
2278,Posto 29 de Marco,ChIJH2PMHfQRFgcRl_dDpR5M2Gk,-12.9100886,-38.4136063,4.8,gas_station,"Av. 29 de Março, Salvador"
2380,Posto Taquipe de Combustíveis,ChIJq6qqqupsFgcRd5PE_gFna2U,-12.7700716,-38.42188489999999,4.7,gas_station,"Via Centro - s/n, Simões Filho"
2401,Shell,ChIJr9HlyhJuFgcRRheHVbbQfLc,-12.695128,-38.4640679,4.5,gas_station,Candeias
2420,Posto Guarani,ChIJE944Vo9qFgcRThU0zlAzaaQ,-12.7723795,-38.3271843,5.0,gas_station,Unnamed Road
2431,Posto Petrobras,ChIJ71CnkrJpFgcRw3fyi4XwGHo,-12.69837,-38.32659,3.0,gas_station,"VIA PERIMETRAL S/N, Via Copec, Camaçari"
2433,vila moema,ChIJ25dbuzESFgcRU-fP8wl6uIo,-12.8518418,-38.4557362,2.4,gas_station,"Nova Brasilia de Valeria, Salvador"
2436,Posto,ChIJ2amfu1QVFgcRaQckQ_MItvY,-12.8204635,-38.3928552,0.0,gas_station,"Av. Elmo Serejo de Farias, 3872 - Jardim Sao Joao de Deus, Simões Filho"
2438,Sodic - DESK CEASA,ChIJqS7XmE0UFgcRyoooTLJvEv8,-12.8379747,-38.3725545,3.6,gas_station,"Rodovia BA-526 KM 5, S/N - Ceasa, Salvador"
2439,Posto Shell - CENTRO AUTOM DE CAMACARI LTDA,ChIJWfifq9dBFgcR7MQtKINBawU,-12.73149,-38.3111758,4.1,gas_station,"BA-535, SN - Polo Petroquímico, Camaçari"
2440,Estacionamento Cia Park,ChIJNYDIwiQVFgcRiPXR_36J6FY,-12.8235137,-38.3994839,3.8,gas_station,"Via Anel III, 20 - Cia Sul, Simões Filho"
2441,Petrobras,ChIJgdRmQcFpFgcRaFi_cGT7OR8,-12.7053821,-38.333389,0.0,gas_station,"AV MANOEL ALFREDO MERCES SANTOS, 783 - Centro, Camaçari"
2443,brasil gas,ChIJ80tT-jprFgcR4zzTES2WRc0,-12.7926573,-38.38827879999999,0.0,gas_station,"Pitanguinha, Simões Filho"
2444,Posto novo,ChIJsU0k0MRtFgcR-OHzXY3RAJk,-12.7321881,-38.4729922,0.0,gas_station,Candeias
2448,Broca poço,ChIJf7uTZlQTFgcR8Pktubx_9Xo,-12.7947226,-38.4050431,3.6,gas_station,"691, R. do Dner, 1 - Lot. Recanto dos Eucaliptos, Simões Filho"
2450,BR Petrobras,ChIJiREGJ99pFgcR2mQ3IqWM5P0,-12.7075552,-38.319068,3.9,gas_station,"R. Contôrno de Centro Administrativo - Centro, Camaçari"
2451,Petrobras,ChIJe7Rq7cNpFgcR5xgUP6m2_5E,-12.7052802,-38.3308239,4.2,gas_station,"Av. Rio Camaçari, SN - Camaçari de Dentro, Camaçari"
2452,Posto Engenho,ChIJ55GBCL9sFgcRDOpbpOKcuig,-12.7730138,-38.4198586,3.7,gas_station,"BA-324, 198 - Lot. Recanto dos Eucaliptos, Simões Filho"
2453,Loja Shell Select - POSTO SHELL - ITAPAGIPE COMERCIO DE COMB LTDA,ChIJcdXFBY0VFgcRYcjY6ifVn6A,-12.8232839,-38.3989628,4.1,gas_station,"VIA CIA AEROPORTO, SN ROD, BA-526, Simões Filho"
2454,Posto de Combustivel,ChIJdXFmrxFpFgcR1o9zuJxEG18,-12.7182953,-38.3279477,4.0,gas_station,"Parque Verde, Camaçari"
2455,Posto Central,ChIJNdqg2N5pFgcReMUkSaDdxP8,-12.7076429,-38.319216,4.2,gas_station,"BA-531 - Dois de Julho, Camaçari"
2456,Petrobras Gas Station,ChIJp7PR-6tsFgcRjoYLssZM07c,-12.7875008,-38.4057355,4.0,gas_station,"Av. Rui Barbosa, 150-164 - Parque Hildete Rocha, Simões Filho"
2457,Posto Petrobrás,ChIJtzJMj11DFgcReEqlYbY6iB4,-12.7060785,-38.3094817,3.6,gas_station,"Av. Leste, 3 - Industrial, Camaçari"
2459,Posto Shell - TVL COMB E LUBRIF LTDA,ChIJxbaOfsVpFgcRsKC_8GCbajw,-12.6985609,-38.3293196,3.8,gas_station,"Av. 28 de Setembro, 279 - Camaçari de Dentro, Camaçari"
2470,Posto Ipiranga,ChIJiYSGc9EVFgcRC3UZFGyqStY,-12.82213,-38.3485,5.0,gas_station,"VIA PARAFUSO 844 LOTE AREA3 - Areia Branca, Lauro de Freitas"
2485,Posto Petrobras,ChIJB3yGtHBCFgcR9vwaofX6c7o,-12.7041398,-38.3110839,4.0,gas_station,"Av. Jorge Amado - Ponto Certo, Camaçari"
2487,Posto Petrobras,ChIJZ-jyy9lpFgcR-svw8sL2tK0,-12.7018388,-38.3198264,3.8,gas_station,"R. da Rodoviária, S/N - Centro, Camaçari"
2494,Posto Xangô,ChIJ82WuQMJpFgcRIuIKSY6IN2Y,-12.7068566,-38.3302302,4.0,gas_station,"Av. Luis Gonzaga, 517 - Phoc II, Camaçari"
2499,Posto Shell - MELISSA COMBUSTIVEIS LTDA ME,ChIJ76Hu6e9pFgcRfbZpp18FO8k,-12.7185121,-38.3280213,4.0,gas_station,"AV. EIXO URBANO SUDOESTE, QD 46B, s/n - Parque Verde, Camaçari"
2503,Posto Brasil,ChIJd4zCON9BFgcRBG74BEJUy3E,-12.7542903,-38.31511,4.0,gas_station,Camaçari
2508,Posto Petrobras,ChIJKzMbmaVpFgcR56xy4RwevAM,-12.6970162,-38.3332906,0.0,gas_station,"Av. Jorge Amado, SN - Jardim Limoeiro, Camaçari"
2514,Posto Soll,ChIJQxaI1i1tFgcRO3gHC5nH1nQ,-12.7730138,-38.4198586,5.0,gas_station,"BA-324, 198 - Lot. Recanto dos Eucaliptos, Simões Filho"
2515,Posto Shell - POSTO AV COMB DER PETRO SERV LTDA,ChIJ_xigbtBpFgcRuyxjN2-R2L4,-12.700112,-38.325351,3.0,gas_station,"Av. Getúlio Vargas, 990 - Centro, Camaçari"
2516,POSTO GR CIA REVENDEDIRA DE COMBUSTÍVEIS E LUBRIFICANTES EIRELIS,ChIJAync9YgTFgcRnSvq3P6fqKM,-12.8021421,-38.4044406,5.0,gas_station,"BA-324, SN, Simões Filho"
2517,Posto Shell - CORESFIL COM REV COMB LTDA,ChIJTbt-iFlrFgcRn4eTjqvcKtc,-12.78228,-38.39572,3.6,gas_station,"R PADRE EMILE F WAGNER, 161 - 0, Simões Filho"
2518,Sodic Sociedade Revendedora de Combustíveis,ChIJ_e4wyLFsFgcRW9Kpg-6evcU,-12.7840053,-38.412622,3.6,gas_station,"Rodovia BR 324 - s/n Km 11, 6, Aratu"
2616,POSTO MARATONA,ChIJi160H6sVFgcRdvqR2k-cEhs,-12.859432,-38.3631592,0.0,gas_station,"BA-526, 19 - Barragem de Ipitanga, Salvador"
2628,Posto fom fom,ChIJWxIaTL8TFgcRbZ-r7WApY1A,-12.8455852,-38.4171939,0.0,gas_station,"BR-324, 340 - Cia Sul, Simões Filho"
2637,Posto de Combustiveis Concentrica,ChIJhWHGAsZpFgcRWULwqLZK0rc,-12.6998145,-38.3329876,4.0,gas_station,"Av. Concêntrica, 689 - Camaçari de Dentro, Camaçari"
2651,Posto P4,ChIJVVX5NbMbFgcRw8nKZDirHro,-12.9783841,-38.4284819,4.0,gas_station,"R. Abelardo Andrade de Carvalho, 351 - Boca do Rio, Salvador"
2668,Posto Oitis,ChIJH3sqbo8QFgcRt_GAAQG-giM,-12.9283913,-38.4313127,3.8,gas_station,"Av. São Rafael, 2267 - São Marcos, Salvador"
2675,Loja Shell Select - POSTO SHELL - DEUSREI COMB E LUBRIF LTDA,ChIJ4dA5j30bFgcRgJ72nFzOqBY,-12.968826,-38.424767,0.0,gas_station,"AV JORGE AMADO LOTE 128 A 130, QD 15, Salvador"
2677,Posto de gasolina Branca,ChIJfUhuRRQRFgcR0Dy_LBxu-vk,-12.9219208,-38.4323667,0.0,gas_station,"Av. Maria Lúcia, Salvador"
2693,Posto Trevo 12 - Patamares,ChIJVU025R8aFgcRpJ6jYHitK_8,-12.963142,-38.4014037,3.9,gas_station,"Av. Octávio Mangabeira, 9075 - Patamares, Salvador"
2696,Jsm Combustiveis,ChIJtX9dEfQaFgcRqxXJd4kwC7Y,-12.957712,-38.453759,3.6,gas_station,"R. Silveira Martins, 3197 - Cabula, Salvador"
