,Name,ID,Latitude,Longitude,Rating,Types,Vicinity
0,Br,ChIJr1ebm6AEFgcRBDizA9gqhz4,-13.002943,-38.5025452,0,gas_station,"R. Eduardo José dos Santos - Engenho Velho da Federacao, Salvador"
1,Posto Porrais,ChIJq6qq6oUEFgcR7QGlZcfQCpU,-12.9918318,-38.5204638,5,gas_station,"av Rte Miguel Calmon, 2240 - Canela, Salvador"
2,Posto Petrobras,ChIJYaZ0UdcFFgcRFhp7TfwBOmI,-12.9952,-38.51028,3.9,gas_station,"Av. Reitor Miguel Calmon, 455 - Canela, Salvador"
3,Menor Preço,ChIJZ6lbA3gDFgcRmSmS1-2koUA,-13.0083798,-38.5266246,3.9,gas_station,"R. Miguel Burnier, 56 - Barra, Salvador"
4,Posto Petrobras,ChIJcX7k4hsDFgcR4LEYDKbLkVI,-13.0083454,-38.5265642,0,gas_station,"R. Miguel Burnier, 01 - Barra, Salvador"
5,Posto Menor Preço,ChIJq5_z-HoDFgcRmQ4E9KYKfaE,-13.0079711,-38.5190945,3.9,gas_station,"Av. Oceânica, 1460 - Ondina, Salvador"
6,Petrobras,ChIJ__-bcIAEFgcROSWWirezo8I,-12.99707,-38.52653,0,gas_station,"R. da Graça, 120 - Graça, Salvador"
7,OFICINA SÃO SALVADOR,ChIJjWvIkpUDFgcRZQ_cajsLxvA,-13.0024347,-38.5143013,5,gas_station,"R. Maria Imac., 19 - Área Limite da BCS Calabar, Salvador"
8,Europosto Petrobras,ChIJy-5-55sEFgcRo-6HVOqcgjk,-12.9951267,-38.5102907,3.9,gas_station,"Av. Reitor Miguel Calmon, 455 - Vale do Canela, Salvador"
9,Posto Petrobras,ChIJmV2_ydUFFgcRnZnTS95MiQI,-12.9913424,-38.5234162,3.3,gas_station,"Av. Reitor Miguel Calmon, 2240 - VALE DO CANELA, Salvador"
10,Posto Shell - G A Mendes Com De Comb Ltda,ChIJuxv0z6AEFgcR3C3zJpesA6A,-13.0023778,-38.5013229,4,gas_station,"Av. Cardeal da Silva, 907 - Federação, Salvador"
11,Loja Shell Select - POSTO SHELL - POSTO UP3 COM DE COMB E LUB LTDA,ChIJBXZfQUMFFgcRTQgZWgu71tA,-12.9892,-38.50761,4.1,gas_station,"Av. Vasco da Gama, 1894 - Garcia, Salvador"
12,Posto petrobras,ChIJD2eh23gFFgcRvEeMDIz1Mss,-12.9862471,-38.5091296,3.8,gas_station,"Nazaré, Salvador"
13,oficina,ChIJu2BFf7cFFgcRe91pzaEcm5o,-12.994909,-38.5035067,0,gas_station,"R. Jardim Federação, 78 - Federação, Salvador"
14,Posto BR,ChIJkwAEK34EFgcRBfG3-h6m3jw,-12.9966117,-38.5269744,3.9,gas_station,"R. da Graça, 59 - Graça, Salvador"
15,Stations Network Cheapest,ChIJu2nQcF8DFgcRZO1X96EoGu4,-13.0039785,-38.5031124,3.9,gas_station,"Av. Anita Garibaldi, 1746 - Ondina, Salvador"
16,Posto Shell São Salvador,ChIJFc3mSAgFFgcR8-xHfHoH39Q,-12.9892234,-38.5076369,5,gas_station,"Av. Vasco da Gama, 1894 - Garcia, Salvador"
17,Posto Menor Preço,ChIJmxVWIaAEFgcRHyH1yi4pREU,-13.0012674,-38.5056907,3.7,gas_station,"Av. Adhemar de Barros, 740 - Ondina, Salvador"
18,POSTO MARINA,ChIJZxwxR4YEFgcRtT8O8cxYHDo,-12.9915991,-38.5235706,4,gas_station,"Av. Reitor Miguel Calmon, 2240 - Canela, Salvador"
19,Posto do Cristo de Combustiveis,ChIJnU-N9mcDFgcR6Q0IfJMfw4g,-13.0080209,-38.5190272,4.3,gas_station,"Av. Oceânica, 1460 - Ondina, Salvador"
20,Loja Shell Select - POSTO SHELL - AUTO P CENTENARIO COM COMB SER LTDA,ChIJkwrbqnIFFgcRLDF2y4D4IH4,-13.0004852,-38.5170717,4,gas_station,"Av. Centenário, 328 - Chame-Chame, Salvador"
21,Posto Petrobras,ChIJuyeAe4AEFgcRFbzO9odewwg,-12.99654,-38.52706,4.6,gas_station,"R. da Graça, 06 - Graça, Salvador"
22,Posto Shell,ChIJ9aSQMXkDFgcRQ8i8ScJRhhI,-13.0045733,-38.5236651,3.7,gas_station,"Av. Centenário, 2726 - Chame-Chame, Salvador"
23,Posto Petrobras,ChIJye3_x_cPFgcROzhoXiTG1t4,-12.9845821,-38.519366,3.5,gas_station,"R. Carlos Gomes, 1064 - Dois de Julho, Salvador"
24,Multipostos Comercial de Combustíveis e Peças,ChIJaRgpfIAEFgcRiwV2bXwgJFw,-12.9973184,-38.5265995,0,gas_station,"R. da Graça, 120 - Graça, Salvador"
25,Post Cheapest,ChIJaTaISLwEFgcRfX6NQXglJFQ,-12.9904769,-38.5023404,3.7,gas_station,"Av. Vasco da Gama, 484 A - Engenho Velho de Brotas, Salvador"
26,Posto Petrobras,ChIJzeOrx58FFgcRmB3AqZ9E2lc,-12.99837,-38.50404,3.9,gas_station,"Av. Anita Garibaldi, S/N - Federação, Salvador"
27,Distribuidora de Petróleo da Bahia,ChIJv1guJpgEFgcRFY6IUdplW8I,-12.9916854,-38.5074516,3.9,gas_station,"Av. Anita Garibaldi, 252 - Ondina, Salvador"
28,Mega Posto Garibaldi,ChIJY5xsnKAEFgcRXSeU9nXC1Fw,-13.002852,-38.502411,4.3,gas_station,"Av. Anita Garibaldi, 1651 - Federação, Salvador"
29,Posto Alegria,ChIJG3ZbrJMEFgcRM6cgYoNrJ5E,-12.9881807,-38.5133808,4.2,gas_station,"Av. Vale dos Barris, 32 - Barris, Salvador"
30,Posto Alameda da Barra,ChIJhW06BHgDFgcRTS7F420zmQY,-13.0085657,-38.5266583,4.1,gas_station,"R. Miguel Burnier, 1 - Barra, Salvador"
31,Posto de Abastecimento e Serv Nota 10 Ltda,ChIJJ_aHV4YEFgcR7YTeX8KMBMc,-12.9951593,-38.5102225,3,gas_station,"Av. Reitor Miguel Calmon, 455 - Canela, Salvador"
32,Di Mercato,ChIJEfQIZYAEFgcRsGc4igJcqt4,-12.997294,-38.5266485,3.8,gas_station,"R. da Graça, 156 - Graça, Salvador"
33,João Cesar Farjala Gusmao,ChIJ28O0xXsDFgcRI6CxZXzru_E,-13.0056025,-38.5222711,3.5,gas_station,"R. José Sátiro de Oliveira, 6 - Chame-Chame, Salvador"
34,Posto Petrobras,ChIJ_97gxM4FFgcRJ0zy3fIv1bw,-12.9824779,-38.5035996,0,gas_station,"Av. Pres. Costa e Silva, SN - Tororo, Salvador"
35,Posto Dique,ChIJV14DWcAEFgcR9wX-tFqaSRw,-12.9824747,-38.5035713,3.9,gas_station,"Av. Vasco da Gama, 4274 - Engenho Velho de Brotas, Salvador"
37,Posto Shell,ChIJQVYTXXkDFgcRYR64FM5Gi34,-13.0055456,-38.5223518,4.1,gas_station,"R. Comendador Francisco Pedreira, 131 - Chame-Chame, Salvador"
49,Posto Larco,ChIJFbciXJwEFgcRaSGBV1Ertg4,-12.9982855,-38.5134886,3.9,gas_station,"R. Teixeira Mendes, 02 - Área Limite da BCS Calabar, Salvador"
72,Posto Petrobras,ChIJb2vYc5kEFgcR78-HhEvDIiE,-12.9951267,-38.5102907,4.2,gas_station,"Av. Reitor Miguel Calmon, 455 - Vale do Canela, Salvador"
73,Posto R2M,ChIJvWYLysEEFgcRRdbI68J4Bu0,-12.9824326,-38.5033869,4,gas_station,"Av. Pres. Costa e Silva, S/N - Tororo, Salvador"
144,Posto Shell - Gas On Line Com E Serv Ltda,ChIJweSQ8KUcFgcRXwo2iekIjkQ,-13.0136014,-38.4743117,4,gas_station,"Av. Amaralina, 441 - Amaralina, Salvador"
145,Brasilgás,ChIJJehDGHwFFgcRiXUr5-5zY30,-12.9930026,-38.4937009,5,gas_station,"Rua Padre Eloy - Acupe de Brotas, Salvador"
146,PM & F Primos Derivados de Petróleo,ChIJYwd31rMEFgcRRJHrohMDVak,-12.9932445,-38.4901339,3,gas_station,"Avenida São Pedro 21 - to - Brotas, Salvador"
147,Shell Select,ChIJIWXnMk8dFgcRAfxXkc2HFoM,-13.013119,-38.483511,5,gas_station,"R. Marquês de Monte Santo, 299 - Rio Vermelho, Salvador"
149,Gnv,ChIJVSg5_6UcFgcRUlOE8ss7mfs,-13.0135959,-38.474257,4.2,gas_station,"R. Visc. de Itaborahy, 550 - Nordeste de Amaralina, Salvador"
150,Posto Shell - POSTO MATARIPE ABAST E SERVICO LTD,ChIJ8QxmcroEFgcRwCBFGsF6rUc,-12.9921261,-38.4956604,4.8,gas_station,"Av. Gen. Graça Lessa, 362 - Acupe de Brotas, Salvador"
151,Posto Shell,ChIJdRo5qlUbFgcRkDAk6nbPZMU,-13.0039133,-38.4822819,4.1,gas_station,"R. Mundo Novo,1428 P Shell Rio Verme - Santa Cruz, Salvador"
152,Postos Mataripe,ChIJE4inUE4bFgcRX-qsBwlwhK4,-12.9957464,-38.4775354,3.5,gas_station,"Av. Juracy Magalhães Júnior, 2575 - Horto Florestal, Salvador"
153,Lídice de Oliveira,ChIJIeNrxL8EFgcRXhPsX-YIwoc,-13.0044568,-38.4924115,3.5,gas_station,"Av. Vasco da Gama, 3883 - Rio Vermelho, Salvador"
154,Stations Network Cheapest,ChIJZzy3NqUEFgcRiLb9y1pxID4,-12.9951369,-38.4971757,3.9,gas_station,"Av. Vasco da Gama, 237 - Federação, Salvador"
155,Loja Shell Select - POSTO SHELL - ENTREPOSTO COMERCIAL DE AMARALINA L,ChIJwfAsZhMdFgcRzqS5cKPGVgQ,-13.013062,-38.4743486,0,gas_station,"Av. Amaralina, 441 - Amaralina, Salvador"
156,Estacionamento Posto Shell,ChIJW6UgEOgbFgcRiKZmpEt33Vo,-13.0039949,-38.4827471,0,gas_station,"Av. Juracy Magalhães Júnior, 1510 - Chapada Do Rio Vermelho, Salvador"
157,Posto Ipiranga,ChIJ01ck-rcFFgcRBonaXXEXSM4,-12.9927451,-38.4960036,4.7,gas_station,"Engenho Velho de Brotas, Salvador"
158,Loja Shell Select - POSTO SHELL - AS BENEDITAS COM DE ALIMENTOS LTDA,ChIJv501PrwbFgcRrrF4F-bIGQ0,-13.0046786,-38.4822513,3,gas_station,"P SHELL - R. Mundo Novo, 1428 - Rio Vermelho, Salvador"
159,Centro Automotivo Check-Up Center ao lado do posto shell,ChIJwZInUscDFgcRXP0Y3VMy9Cs,-13.0126485,-38.4888363,0,gas_station,"Av. Juracy Magalhães Júnior, 102 - Rio Vermelho, Salvador"
161,Posto Petrobras,ChIJ6TuIOqQbFgcRPQzxzwHmQ94,-12.9957634,-38.4775375,0,gas_station,"Av. Juracy Magalhães Júnior, 2575 - Candeal, Salvador"
165,Loja Shell Select - POSTO SHELL - HSA COM VAREJISTA LTDA ME,ChIJx-5J-UcdFgcR5vJBcxyJoHs,-13.01231,-38.48108,5,gas_station,"Rua Oswaldo Cruz, 819 - Rio Vermelho, Salvador"
167,Comercial de Combustível Cidade Jardim,ChIJXYBC2FMDFgcRi5Rvkhhwzag,-12.9957264,-38.4775384,4.3,gas_station,"Av. Juracy Magalhães Júnior, 2575 - Rio Vermelho, Salvador"
168,Posto Shell Albalonga,ChIJ2-aZZAYFFgcRlGzXLr4Bd3Y,-12.9979827,-38.4919129,4,gas_station,"Av. Vasco da Gama, 3883 - Rio Vermelho, Salvador"
169,Posto SR,ChIJA7Pgub0EFgcRZW-QsDSOL5Y,-13.0065563,-38.4929175,5,gas_station,"Av. Vasco da Gama, 4838 - Engenho Velho da Federacao, Salvador"
170,Posto Shell Chaminé,ChIJ_zPEZqwcFgcRVtdNCE8UvF4,-13.0130797,-38.4834318,4,gas_station,"R. Marquês de Monte Santo, 299 - Rio Vermelho, Salvador"
171,P4 Combustíveis,ChIJ7XOy4JAFFgcRJGIWqwjEPEQ,-12.9883465,-38.492747,3.3,gas_station,"Daniel Lisboa, Salvador"
174,Acarajé da nil,ChIJ0SWnq3ADFgcRy2E4Bxm8rnk,-13.0064357,-38.4930717,0,gas_station,"Av. Vasco da Gama, 4838 - Engenho Velho da Federacao, Salvador"
177,São Francisco Comercios de Combustiveis e Lubrificantes Ltda,ChIJQdxgO1oDFgcRIHOOVsOLL0A,-13.0096517,-38.497163,0,gas_station,"ED. Porto Enseada, Travessa Bartholomeu de Gusmão, s/n - Rio Vermelho, Salvador"
178,Mecanico,ChIJr6o6MaocFgcRKtsPphUSlHc,-13.0090619,-38.4806801,5,gas_station,"Av. Vale das Pedrinhas, 600-610 - Nordeste de Amaralina, Salvador"
182,Posto Shell,ChIJbU9AEqwcFgcRL0ol12zzdvE,-13.0121713,-38.4809677,4.1,gas_station,"Rua Oswaldo Cruz, 819 - Rio Vermelho, Salvador"
183,P4 Combustíveis Rio Vermelho,ChIJBy170HYDFgcRh5GdiMFh_Vk,-13.0129095,-38.4891596,3.7,gas_station,"Rua Conselheiro Pedro Luiz, 699-389 - Rio Vermelho, Salvador"
186,Posto Petrobras,ChIJzd2ow8MEFgcRKwKj29T04QU,-13.0065563,-38.4929175,3.9,gas_station,"Av. Vasco da Gama, 4838 - Rio Vermelho, Salvador"
188,Paep Nordeste,ChIJPySiZlcDFgcRHWe0Wa3PSUQ,-13.0078681,-38.4951005,4,gas_station,"Av. Cardeal da Silva - Rio Vermelho, Salvador"
190,Posto Coomasal,ChIJ75WuUqUEFgcRO-m9p4ZE78w,-12.994903,-38.4958848,4.1,gas_station,"Av. Valê do Ogunjá, 1226 - Engenho Velho de Brotas, Salvador"
191,Posto Nota 10,ChIJpY1JWbwEFgcRILXsMhA1MYg,-13.0065563,-38.4929175,4,gas_station,"Av. Vasco da Gama, 4838 - Engenho Velho da Federacao, Salvador"
193,Posto Vale do Ogunjá,ChIJX9UPeboEFgcRg2Iw-ceGPY8,-12.9921692,-38.4957196,4.2,gas_station,"Av. Gen. Graça Lessa, 362 - Engenho Velho de Brotas, Salvador"
195,Posto Gaivota,ChIJUVsxz6kEFgcRPI-YUldVEOg,-12.9954636,-38.4968592,3.1,gas_station,"Av. Vasco da Gama, 399 - Engenho Velho da Federacao, Salvador"
196,Posto De Combustíveis Água Fria,ChIJV9oZI1QDFgcRB_W2qHEOTr4,-13.0089054,-38.489687,0,gas_station,"R. Irará, 22 - Rio Vermelho, Salvador"
234,Shell Select,ChIJ6zix_6UcFgcR1lVjwVrnsd0,-13.0135366,-38.4742841,2.8,convenience_store,"Av. Amaralina, 441 - Amaralina, Salvador"
251,Posto do Horto,ChIJD4fHx6oEFgcR6J1WIhgHAzA,-13.0050739,-38.485752,4.3,convenience_store,"Av. Santa Luzia, 1137 - Rio Vermelho, Salvador"
301,Posto Ipiranga,ChIJFePt_7YEFgcRtUXkl5csrKE,-12.9884025,-38.4926432,4.1,gas_station,"Av. Dom João VI, 160 - Brotas, Salvador"
349,Shell,ChIJNWPIa0QbFgcRmkoqfQffMjA,-12.9960418,-38.4703327,0,gas_station,"Av. Antônio Carlos Magalhães - Pituba, Salvador"
353,Posto Shell - Posto Novo Bairro Sa,ChIJM4a6MEIbFgcRAxJDoTWjJ5s,-12.9954978,-38.4691389,3.6,gas_station,"Av. Ant, Av. Antônio Carlos Magalhães, 1298 - Itaigara, Salvador"
355,Loja Shell Select - POSTO SHELL - PITUBA DERIVADOS DE PETROLEO LTDA,ChIJLVloDHIbFgcRQTz8AXoGqk0,-13.0045865,-38.4536962,0,gas_station,"Av. Octávio Mangabeira, 1283 - Pituba, Salvador"
365,RANK PITUBA shell (PFOS),ChIJK7LWx3obFgcRxs8CvhyIGyE,-13.0046806,-38.4538754,3.9,gas_station,"Av. Octávio Mangabeira, 1283 - Pituba, Salvador"
368,Posto Petrobras,ChIJJUWYBSgbFgcRVN64OsBVw9U,-13.0005275,-38.4593756,4,gas_station,"Av. Antônio Carlos Magalhães, 3174 - Pituba, Salvador"
371,Posto Shell,ChIJ7fc81mQbFgcRrGIJTh09Aew,-13.0047014,-38.453857,3.8,gas_station,"Av. Octávio Mangabeira, 1283 - Pituba, Salvador"
373,Posto Petrobras,ChIJBU95HWYbFgcRJGLCxYf9-qw,-13.00047,-38.45925,3.9,gas_station,"AV ANTONIO C MAGALHAES, S/N - Itaigara, Salvador"
374,Shell Select,ChIJA9rzzEcbFgcRPTT8qeWPydE,-12.9957063,-38.4699439,4.5,gas_station,"Av. Antônio Carlos Magalhães, 1298 - Itaigara, Salvador"
376,Panergy,ChIJC-m9XEQbFgcR3ivDm409INo,-12.9949291,-38.4709155,0,gas_station,"Rua Rubens Guelli, 134 - Itaigara, Salvador"
377,Posto Namorado,ChIJI9LCMvIaFgcRmurN7rAWrzU,-13.0005192,-38.4594629,3.9,gas_station,"Av. Acm - Cabula, Salvador"
379,Posto BR,ChIJq0xcbaAcFgcRGpglYZcyMDE,-13.0102588,-38.4652768,3.5,gas_station,"Av. Octávio Mangabeira, 49 - Pituba, Salvador"
385,Auto Posto Camurupim,ChIJrdnmZ6AcFgcRTcgDVAL9JZ0,-13.0102405,-38.4651548,3.8,gas_station,"Av. Octávio Mangabeira, 429 - Pituba, Salvador"
389,Select,ChIJbwg_oA4bFgcRFLWa00CjWaw,-12.9886978,-38.4494395,4,convenience_store,"Costa Azul, Salvador"
390,Posto Shell,ChIJp7hynA4bFgcRgFNuhv_DcqQ,-12.9888053,-38.4493604,3.8,gas_station,"Av. Prof. Magalhães Neto, 594 - Pituba, Salvador"
435,Loja Shell Select - POSTO SHELL - POSTO DE COMB ITAJAI LTDA,ChIJEaxhInEbFgcRK7fVTNsUtQ0,-12.988814,-38.449458,3.5,gas_station,"Av. Prof. Magalhães Neto, 1304 - GLEBA 20, Salvador"
514,Sindicombustivel,ChIJm8MBoDUbFgcRb0sipucTOBk,-12.9970973,-38.4446483,5,gas_station,"Costa Azul, Salvador"
518,Loja Shell Select - POSTO SHELL - SRB REV DE COMB E LUBRIF LTDA,ChIJfbcoH30bFgcREWEsHr3VGrs,-12.9868679,-38.4481996,4.4,gas_station,"AV, Rua Arthur de Azevêdo Machado, 1443 - TERR, Salvador"
520,Posto Petrobras,ChIJC425RnEbFgcRDqY7ck9wgsk,-12.9846269,-38.4346882,0,gas_station,"Av. Octávio Mangabeira, 5030 - Armação, Salvador"
523,Shell Select,ChIJQ7C2i1YbFgcReZER29vj47g,-12.9967912,-38.4438644,3.8,gas_station,"Av. Octávio Mangabeira, 3251 - Costa Azul, Salvador"
525,Shell Select,ChIJCw-kBvQbFgcRXbRozCu9eVU,-12.9883264,-38.4707594,4.2,gas_station,"Av. Antônio Carlos Magalhães, 2749 - Parque Bela Vista, Salvador"
527,Posto BR - Armação,ChIJ1Qfw0jUaFgcR13DWqGkAJks,-12.9849968,-38.4347865,4,gas_station,"Avenida Otávio Mangabeira, s/n - Armação, Salvador"
528,Posto Shell,ChIJP2c7bwkbFgcR2VXQ2uc_uFs,-12.9884722,-38.4468105,3.9,gas_station,"R. Dr. Augusto Lopes Pontes, 167 - Costa Azul, Salvador"
529,Lava jato do Fábio,ChIJ89RI6fwbFgcRaHDsSeQvf0U,-12.9902533,-38.4455577,0,gas_station,"R. Des. Manoel Pereira, 105 - Costa Azul, Salvador"
533,POSTO KALILANDIA LTDA,ChIJOYNrtjMbFgcR9PmfP1V-JQk,-12.9968373,-38.4437886,4,gas_station,"Av. Octávio Mangabeira, SN - Jaguaribe, Salvador"
538,Posto Shell,ChIJibQ26zgbFgcR-ACA0cJeMPI,-12.98855,-38.4706176,4.2,gas_station,"Av. Antônio Carlos Magalhães, 2749 - Parque Bela Vista, Salvador"
541,Posto Coopmetro,ChIJW8OdPK8bFgcRwHDV2xyLPwM,-12.9845111,-38.4366748,4.3,gas_station,"R. Antônio da Silva Coelho, 44 - Boca do Rio, Salvador"
542,Posto Vela Branca Petrobras,ChIJx89RyqgbFgcR3wQTcMsizBI,-12.9845898,-38.4377302,4.1,gas_station,"Av. Simon Bolívar, s/n - Armação, Salvador"
545,Hiper Posto- Rede Mataripe,ChIJI9LCMvIaFgcRhiF9h8SMUPA,-12.9883406,-38.4674156,4,gas_station,"Av. Antônio Carlos Magalhães, 3174 - Itaigara, Salvador"
546,Posto Petrobras,ChIJbdWMYQcbFgcR6E3Z8Gxsje4,-12.9818,-38.44301,3.9,gas_station,"Avenida Arnaldo Lopes da Silva, 736 - Stiep, Salvador"
547,Posto Petrobras,ChIJxW51swUbFgcRX6W1W2-nmC4,-12.9816497,-38.4499405,4.3,gas_station,"R. Edístio Pondé, 474 - Stiep, Salvador"
581,Posto Petrobras,ChIJ1VTnJzwbFgcRcI7zF4d70t8,-12.9883536,-38.4673665,3.8,gas_station,"Av. Antônio Carlos Magalhães, 4451 - Brotas, Salvador"
584,Posto Flamingo,ChIJofS2NUQbFgcRi5wO0BGWa30,-12.9816915,-38.4430312,4.5,gas_station,"Av. Prof. Manoel Ribeiro, 861 - Stiep, Salvador"
591,Posto Shell Sol Costa Azul,ChIJNWH-yQ4bFgcRj5QPZYp7tfI,-12.9876478,-38.4484864,4.2,gas_station,"Rua Arthur de Azevêdo Machado, 1443 - Costa Azul, Salvador"
652,Br Petrobras,ChIJ2SUXNR0bFgcRFTTiH0qGk4c,-12.975045,-38.4535458,1,gas_station,"Pernambues, Salvador"
654,JAM BATERIAS,ChIJt0e7KeAaFgcROp3BtkfyWs8,-12.9722144,-38.46177,0,gas_station,"Av. Hilda - Pernambués, Salvador"
656,Posto P4,ChIJVVX5NbMbFgcRw8nKZDirHro,-12.9783841,-38.4284819,4,gas_station,"R. Abelardo Andrade de Carvalho, 351 - Boca do Rio, Salvador"
657,Posto Shell,ChIJ2XwURucZFgcRCv8zfEeFcI4,-12.9747876,-38.4177793,4.1,gas_station,"LOT JDIMPER, Av. Octávio Mangabeira - Boca do Rio, Salvador"
667,Buri Gas - GNV,ChIJl_kclE0aFgcRAn_6xXNR6bs,-12.9746569,-38.4313826,3.5,gas_station,"167 003, 1ª Travessa Prof. Pinto de Aguiar, 1 - Boca do Rio, Salvador"
670,Posto Ipiranga,ChIJOZWYIwQbFgcRaHJ1QsfLRCA,-12.9801747,-38.4488855,4.1,gas_station,"Av. Prof. Manoel Ribeiro, 1570 - Stiep, Salvador"
672,Posto Caminho Da Praia,ChIJhapQojYaFgcRPvqsEgygy9c,-12.9746961,-38.4177759,4.1,gas_station,"Av. Octávio Mangabeira - Pituaçu, Salvador"
678,Posto Shell,ChIJHXCJhSsbFgcR6AJWnDLCeaw,-12.9690146,-38.4248666,4.1,gas_station,"Av. Jorge Amado, 80 - Boca do Rio, Salvador"
679,Posto Petrobrás,ChIJrR84yLQbFgcRslCdPkbbN4E,-12.9789999,-38.4276772,3.5,gas_station,"Av. Octávio Mangabeira, 6094 - Boca do Rio, Salvador"
680,Posto Shell,ChIJuTYOzxgbFgcRhbzhj60xeHw,-12.9800696,-38.456401,3.9,gas_station,"Av. Tancredo Neves, 1506 - Caminho das Árvores, Salvador"
684,Posto Petrobras Ponto Novo,ChIJZbWYmjsbFgcR2vvY2varnyk,-12.9749146,-38.4533626,4.3,gas_station,"Av. Luís Viana Filho, 385 - Pernambués, Salvador"
686,Deusrei Com de Combustíveis e Lubrificantes,ChIJ6xOugDYaFgcRNRFruhp-12E,-12.9688407,-38.4246949,4,gas_station,"Boca do Rio, Salvador"
687,SACOLA TÉRMICA BAGCOOL - EDUARDO ALVES COUTO NETO EIRELI-ME,ChIJpySnywIbFgcRDqSI_qq0XZ8,-12.9749968,-38.4535488,4.9,gas_station,"Av. Luís Viana Filho, 385 - Pernambués, Salvador"
688,Loja Shell Select - POSTO SHELL - AS BENEDITAS COM DE ALIMENTOS,ChIJlz50klUbFgcRrYvrEM9TmCI,-12.968225,-38.438635,0,gas_station,"Av. Luís Viana Filho, 2078 - Paralela, Salvador"
689,Loja Shell Select - POSTO SHELL - DEUSREI COMB E LUBRIF LTDA,ChIJ4dA5j30bFgcRgJ72nFzOqBY,-12.968826,-38.424767,0,gas_station,"AV JORGE AMADO LOTE 128 A 130, QD 15, Salvador"
690,Lava Jato do Galego,ChIJG3rLDvYbFgcR2lufdeabHSg,-12.9681234,-38.4423259,0,gas_station,"R. Rio Solimões, 181 - Saboeiro, Salvador"
691,Posto Shell,ChIJL5qIPFcaFgcRJ5cQSjrmMC0,-12.9684056,-38.4386524,3.4,gas_station,"Av. Luís Viana Filho, 2078 - Paralela, Salvador"
723,Posto de Combustível Itajaí,ChIJDW6B_1kaFgcRTFY_YOpEY3I,-12.9684882,-38.4386948,2.6,gas_station,"Av. Luís Viana Filho, 2078 - Imbuí, Salvador"
727,DEUSREI COMB E LUBRIF LTDA,ChIJ1bP631YaFgcRat2k9jI8QY0,-12.9682177,-38.4386175,3.8,gas_station,"AV JORGE AMADO LOTE 128 A 130 QD 15 - Imbuí, Salvador"
809,Loja Shell Select - POSTO SHELL - AS BENEDITAS COM DE ALIMENTOS LTDA,ChIJ03DSV9obFgcRUhGcxpR-gmg,-12.9645134,-38.437082,5,gas_station,"Av. Luís Viana Filho, 2489 - Doron, Salvador"
810,Machado Lima Com. de Combustíveis e Serviços,ChIJi1k02VgaFgcRB0Kd_USFoVA,-12.9626208,-38.4405308,3.4,gas_station,"R. Edgar Santos, 530 - Narandiba, Salvador"
815,Posto Menor Preço,ChIJaaBZZyEaFgcRv_Znh4QtKcY,-12.9665732,-38.4057186,3.8,gas_station,"R. Carimbamba, 1533 - Patamares, Salvador"
818,Posto Shell,ChIJvcV1xVsaFgcRqBpeOzUheXI,-12.9641026,-38.4368528,4.2,gas_station,"R. Rômulo Galvão - Doron, Salvador"
822,Ecopostos Fuels and Services,ChIJdW_nJhkaFgcRNQiUZpJlXqk,-12.9603155,-38.4065403,4,gas_station,"Av. Prof. Pinto de Aguiar, 650 - Patamares, Salvador"
829,Posto Petrobras,ChIJGVelKRkaFgcRuAHPxK-KBns,-12.9603072,-38.4065402,4.4,gas_station,"Av. Prof. Pinto de Aguiar, 650 - Pituaçu, Salvador"
832,Posto Novo Horizonte Petrobrás,ChIJvai0f1waFgcR3imaf2iX_88,-12.9602924,-38.4336907,3.9,gas_station,"Av. Luís Viana Filho, 3073 - Paralela, Salvador"
834,Posto Menor Preço,ChIJgz6cl14aFgcRy4dUOCfrphU,-12.9608103,-38.438432,3.9,gas_station,"Av. Edgard Santos, 530 - Doron, Salvador"
840,Petrobras Gas Station,ChIJm68nie0aFgcRbOVG6weZU1Y,-12.9576811,-38.453783,3.8,gas_station,"R. Silveira Martins, 3197 - Cabula, Salvador"
842,Jsm Combustiveis,ChIJtX9dEfQaFgcRqxXJd4kwC7Y,-12.957712,-38.453759,3.6,gas_station,"R. Silveira Martins, 3197 - Cabula, Salvador"
850,Posto Shell - Posto Kalilandia Ltda,ChIJI8JDF4QXFgcR8ogtUU8ZtjA,-12.963987,-38.4372153,3,gas_station,"Av. Luís Viana Filho, 2489 - Saboeiro, Salvador"
877,POSTO KALILANDIA LTDA,ChIJ963OPFcaFgcRfC6alpYkwNw,-12.9642327,-38.4370587,3.9,gas_station,"Av. Luís Viana Filho, 2489 - Pernambués, Salvador"
965,Shell Select,ChIJgRIv-TAbFgcRoGIiNjzONpk,-12.9482673,-38.4111807,3,gas_station,"Av. Prof. Pinto de Aguiar, 2100 - Pituaçu, Salvador"
966,Posto Petrobras,ChIJGQyBhhkZFgcRGgx3fUuOOGQ,-12.95074,-38.39754,0,gas_station,"AV.OTAVIO MANGABEIRA, S/N - Patamares, Salvador"
967,Loja Shell Select - POSTO SHELL - FT COM VAREJISTA LTDA ME,ChIJtUKHNPkZFgcR6WqisCVgDd4,-12.9571844,-38.3919654,4.2,gas_station,"Av. Octávio Mangabeira, SN - Jaguaribe, Salvador"
968,Posto Shell,ChIJi_OxdQkaFgcRPaK2tEascf8,-12.9482673,-38.4111807,4.2,gas_station,"Av. Prof. Pinto de Aguiar, 2100 - Pituaçu, Salvador"
976,Posto Novo Horizonte II,ChIJfc7rkXIaFgcR_sZbjcEv61I,-12.9489714,-38.4230298,4.5,gas_station,"Av. Luís Viana Filho, 4804 - Pituaçu, Salvador"
977,Br Petrobras,ChIJE3L55B8aFgcRiTB31r610MQ,-12.9631242,-38.4014525,3.4,gas_station,"Av. Octávio Mangabeira, s/n - Itapuã, Salvador"
979,Lava Rasta Jet,ChIJTwp4UQ8aFgcR2j6vWMElxwM,-12.9484917,-38.4111533,4.2,gas_station,"Av. Prof. Pinto de Aguiar, 1962-2234 - Pituaçu, Salvador"
980,Posto Jaguaribe,ChIJxaqqOvkZFgcRu3JeKdKn7-Q,-12.9633079,-38.4015292,3.5,gas_station,"Avenida Otávio Mangabeira - Patamares, Salvador"
996,Posto Trevo 12 - Patamares,ChIJVU025R8aFgcRpJ6jYHitK_8,-12.963142,-38.4014037,3.9,gas_station,"Av. Octávio Mangabeira, 9075 - Patamares, Salvador"
999,Posto Petrobras,ChIJWfpvQfQZFgcR3ARZh1akeYI,-12.9631599,-38.4014038,5,gas_station,"Av. Octávio Mangabeira, 6094 - Armação, Salvador"
1036,Posto Petrobras,ChIJmXlThTUXFgcRFG8lXPDkvX8,-12.94222,-38.36499,5,gas_station,"Av. Dorival Caymmi, 1001 - Itapuã, Salvador"
1038,Posto Petrobras,ChIJ202lA2IZFgcR1exfgELBo1c,-12.95306,-38.379411,3.9,gas_station,"Av. Octávio Mangabeira, S/N - Itapuã, Salvador"
1040,Larco,ChIJtT6s1XUXFgcR3oBnOn7tIL8,-12.9372324,-38.3610006,4,gas_station,"Av. Dorival Caymmi, 14926 - Itapuã, Salvador"
1041,Posto Armação,ChIJe8M9bNgZFgcRUvmFxRl8Gdg,-12.9508283,-38.3708364,4.1,gas_station,"Av. Octávio Mangabeira - Jardim Placaford, Salvador"
1042,Posto Kalilandia - Piatã,ChIJcWnHBt4ZFgcRvu9DggDB4jE,-12.9530759,-38.3793951,3.9,gas_station,"Av. Octávio Mangabeira, 11905-11949 - Piatã, Salvador"
1043,Petrobras,ChIJiQhkra0QFgcRm8EesYqMobE,-12.9375712,-38.3977993,4,gas_station,"Av Luiz Viana Filho, km 8, s/n - Alphaville I, Salvador"
1045,Loja Shell Select - POSTO SHELL - AS BENEDITAS COM DE ALIMENTOS LTDA,ChIJ_ylXPyoRFgcRDroSm2Y4GTc,-12.9369871,-38.4041903,4.1,gas_station,"Av Luiz Viana Filho, 7419 - Trobogy, Salvador"
1047,Post Cheapest,ChIJqSOJJ6kQFgcR0K4PtJ4FKuM,-12.9394362,-38.4086869,3.8,gas_station,"Patamares, Salvador"
1048,POSTO KALILANDIA LTDA,ChIJcZYFDE0WFgcRO6nIJ2GDEsU,-12.9370227,-38.4039513,4.1,gas_station,"Av Luiz Viana Filho, 7419 - Trobogy, Salvador"
1070,Posto Itapuã,ChIJecYuD3oXFgcREMWwcpDZk3w,-12.9422556,-38.365043,3.9,gas_station,"Av. Dorival Caymmi, 1001 - Itapuã, Salvador"
1104,Shell,ChIJBQpa_qYXFgcRUwVQKLC4MYo,-12.9265927,-38.3559441,3.8,gas_station,"Itapuã, Salvador"
1105,Shell,ChIJWxOtt70XFgcR6m3fuZNkkLI,-12.9336178,-38.3443619,3.9,gas_station,"Stella Maris, Salvador"
1109,Posto de combustível P4,ChIJx7w09K8XFgcRfDLCwlY49js,-12.9477356,-38.3438618,1,gas_station,"Av. Gen. Severino Filho - Stella Maris, Salvador"
1112,Posto de combustível P4,ChIJS5_yc1AXFgcRPsOunrHBH3Q,-12.9483486,-38.3442274,3.9,gas_station,"Av. Gen. Severino Filho, 1048 - Stella Maris, Salvador"
1113,PORTAL DE ITAPUA COM E SERV LTDA,ChIJ8RtL-tURFgcRNwre428idkk,-12.9335439,-38.3443742,4,gas_station,"Alameda Dilson Jatahy Fonseca, 1248 - LT 57 QD D - Stella Maris, Salvador"
1114,Posto Petrobras,ChIJWxUdyysYFgcRnTQ3yFa1u0k,-12.95486,-38.35481,5,gas_station,"R. Prof. Souza Brito, 1014 - Itapuã, Salvador"
1115,Posto Rede X - Vinicius de Moraes,ChIJX77rNSoYFgcRpJiWgHhxtBU,-12.9548931,-38.3547974,4.2,gas_station,"R. Prof. Souza Brito, 1014 - Itapuã, Salvador"
1116,Posto Shell,ChIJ06afVaYXFgcRBZxAQXrBy2c,-12.9265844,-38.3559689,2.7,gas_station,"AV DORIVAL CAYMMI, SN, Salvador"
1117,Ipiranga,ChIJraOGMpQXFgcRkSWnjgqxsqM,-12.9385464,-38.3422364,3.7,gas_station,"Stella Maris, Salvador"
1118,Posto Bike Ltda,ChIJP1vhLJQXFgcRSGwUYguOgT8,-12.9382722,-38.3422139,4,gas_station,"Alameda Dilson Jatahy Fonseca, 656 - Stella Maris, Salvador"
1164,Petrobras,ChIJq6pqhZIXFgcRSIwgS-U8GVI,-12.94529,-38.33962,3,gas_station,"R B PARQUE, S/N - Stella Maris, Salvador"
1170,Posto Coopmetro,ChIJLWzF8QcXFgcRX_RFlcuQFRw,-12.9226584,-38.3593276,3.5,gas_station,"Tv. Vila Romana, 810 - Itapuã, Salvador"
1172,Posto Petrobrás TOKAIA,ChIJs2w1l6gXFgcRlFi4c5bjYZo,-12.9235,-38.35509,3.7,gas_station,"Av. Dorival Caymmi - Itapuã, Salvador"
1174,Posto Stella Maris,ChIJzemSMcIXFgcRZu4d7kiSRmE,-12.936223,-38.3321767,4,gas_station,"R. Cap. Melo, 92 - Stella Maris, Salvador"
1222,Br,ChIJKUoGJNoaFgcRv4vNRmHR9jU,-12.9650775,-38.4728557,0,gas_station,"Cabula, Salvador"
1224,Petr Oleo,ChIJXycdCTMbFgcRqOn_NYHUCok,-12.9813066,-38.4824997,2,gas_station,"Brotas, Salvador"
1225,Ppveiculo,ChIJV778F_QFFgcRMklSHIfOqdE,-12.9630927,-38.5019648,0,gas_station,"R. Vital Rêgo, Salvador"
1227,Posto Petrobras,ChIJe2bd5dMFFgcR2-O9lh6J964,-12.9763627,-38.5160737,0,gas_station,"Av. Lafayete Coutinho, 03 - Comercio, Salvador"
1228,Estacionamiento,ChIJfUkGkF4FFgcRMg04W5xb6bg,-12.9762187,-38.5104794,0,gas_station,"Av. José Joaquim Seabra, 80 - Barroquinha, Salvador"
1229,Posto Ipiranga,ChIJhenDV9UEFgcR4fIvVLutIRQ,-12.9677471,-38.4864436,3.9,gas_station,"Av. Heitor Dias, 735 - Cidade Nova, Salvador"
1230,Posto Shell,ChIJ66UvwSAFFgcRbEGz9zquToU,-12.9642937,-38.5015198,4.1,gas_station,"R. Eng. João Pimenta Bastos, 260 - Barbalho, Salvador"
1231,Br,ChIJjUAmBe4EFgcRo30uIVTwXdY,-12.9765967,-38.5162298,0,gas_station,"Ladeira da Preguiça - Comercio, Salvador"
1235,Br,ChIJoX3dhDMbFgcRbwSPnzxB8AA,-12.9827813,-38.4819735,3.7,gas_station,"Av. Mario Leal Ferreira - Brotas, Salvador"
1240,Posto Avenida-24 Horas,ChIJJTFHOd8EFgcRC9QpoFYgxdw,-12.9668128,-38.50169,4.4,gas_station,"R. Manoel Caetano, 20 - Barbalho, Salvador"
1241,Posto Br Trapiche Barnabe,ChIJy7oi-RkFFgcRl4pMS46RfeI,-12.9722658,-38.5099557,0,gas_station,"Comercio, Salvador"
1242,Posto rc7,ChIJq2mMYy8FFgcRtns9K94ZA1U,-12.9652523,-38.501371,0,gas_station,"R. Eng. João Pimenta Bastos - Barbalho, Salvador"
1245,Posto Avenida-24 Horas,ChIJZxQhJ9oaFgcRgcn8N04JRAQ,-12.9649147,-38.473248,3.8,gas_station,"Praça Francisco Manoel, 19 - Cabula, Salvador"
1247,Posto Shell - MP COMERCIO DE COMBUSTIVEIS LTDA,ChIJ20cJ1MUEFgcRoGZGk-zlr-w,-12.9795271,-38.4987351,3.7,gas_station,"Avenue MARIO LEAL FERREIRA, 252 - Brotas, Salvador"
1248,Posto Petrobras,ChIJs_jaROAEFgcR-LOVKpr_ACs,-12.9661006,-38.5078261,3.7,gas_station,"Av. Jequitaia, 50 - Comercio, Salvador"
1249,Posto Shell box Éden prarie,ChIJ01vIMAEFFgcRV03hqlZyJsc,-12.9777378,-38.5016363,1,gas_station,"Nazaré, Salvador"
1251,Posto Petrobras,ChIJQ9j5GPcFFgcROzvTPwt-0jU,-12.9786439,-38.517128,3.6,gas_station,"Av. Lafayete Coutinho, 03 - Comercio, Salvador"
1252,Posto Ipiranga,ChIJjS8D3-wzb5MRFbLy3DdQHfs,-12.9622325,-38.4903607,4.4,gas_station,"R. Rodrigo de Menezes, s/n - Baixa de Quintas, Salvador"
1255,Loja Shell Select - POSTO SHELL - POSTO CASAGRANDE LTDA,ChIJU3y6l0gFFgcRA5LOJh6pl8U,-12.9785527,-38.4997116,4.2,gas_station,"R. Frederico Costa, 07 - Nazaré, Salvador"
1257,Posto Petrobras,ChIJmUvRsgAbFgcR075Ie2VWFiM,-12.9830466,-38.4833666,0,gas_station,"Av. Gen. San Martin, 161 - RETIRO, Salvador"
1260,Posto Petrobras,ChIJQQAAiNcEFgcR-reumNJAELM,-12.9665796,-38.4926501,3.9,gas_station,"R. Cônego Pereira, 796 - Matatu, Salvador"
1261,Posto Petrobras,ChIJj5xmsqAFFgcR3vqvze9SddA,-12.97722,-38.50535,4.5,gas_station,"Ladeira do Arco, 5 - Barbalho, Salvador"
1262,Posto Shell - Posto Kalilandia Ltda,ChIJ0T8VQtkEFgcRyx3M2cXBVjE,-12.9702178,-38.4975978,3.9,gas_station,"R. Cônego Pereira, 03 - Baixa de Quintas, Salvador"
1263,Posto Petrobras,ChIJYxh8upgbFgcRu649ixa3p14,-12.96178,-38.47802,4.5,gas_station,"Av. Barros Reis, 1681 - Pau Miúdo, Salvador"
1264,Posto Menor Preço Matatu,ChIJh0CRAdEEFgcRdMUoxiVlLQE,-12.9738619,-38.4926041,3.9,gas_station,"R. Rio Amazonas, 1 - Matatu, Salvador"
1266,Posto Independência (Ipiranga),ChIJl_Yc1-sEFgcR43xIDZZe_FI,-12.9786888,-38.5093296,4.1,gas_station,"Ladeira da Independência, 30 - Nazaré, Salvador"
1267,Jmf Comércio de Combustiveis,ChIJi4asitkaFgcRJAwmnYWgvJ4,-12.9650652,-38.4729589,3,gas_station,"Praça Francisco Manoel, 19 - Cabula, Salvador"
1269,Posto De Gasolina,ChIJkejU1cUEFgcRBcgFj-CmPCY,-12.9801796,-38.4978167,3.9,gas_station,"Engenho Velho de Brotas, Salvador"
1271,Posto de Gasolina Felici,ChIJ05qpCN0EFgcR1snx31qrXVs,-12.972496,-38.5045779,4.2,gas_station,"Av. Pres. Castelo Branco, 750 - Nazaré, Salvador"
1273,Posto Petrobras,ChIJv8FZG-4EFgcRqZeBoMFiWPA,-12.9766241,-38.5162485,4.2,gas_station,"Av. Lafayete Coutinho, 3 - Comercio, Salvador"
1274,Rede De Postos Tic,ChIJMZjIBMUaFgcRdZcTJEgvnBE,-12.9689798,-38.4759578,0,gas_station,"Ac. Norte, 1120 - Pernambués, Salvador"
1277,Posto Vida Nova,ChIJ4zldPu4EFgcR2Sx4zG9l3bo,-12.9764462,-38.5161335,5,gas_station,"Av. Lafayete Coutinho, 3 - Comercio, Salvador"
1278,POSTO DE COMBUSTIVEIS NEVES LTDA,ChIJx3DQOdoaFgcRJKY7Zp1jvJE,-12.9646906,-38.4725408,3.9,gas_station,"R. Silveira Martins, 433 - Cabula, Salvador"
1280,Shell,ChIJ7TNrm9kEFgcRFFBtrZvuug8,-12.9703156,-38.4978393,3.7,gas_station,"Rua Cônego Pereira, Largo das Sete Portas, 03, Salvador"
1281,Posto Shell - POSTO JEQUITAIA LTDA,ChIJNULcFOAEFgcRM-3x3OeW05Y,-12.9625032,-38.5048605,3.9,gas_station,"Tv. Frederico Pontes, 107 - Água de Meninos, Salvador"
1297,Posto Ipiranga,ChIJ-ZsN6iQbFgcR4h1i41UUJNc,-12.9732496,-38.4782945,4.1,gas_station,"Av. Antônio Carlos Magalhães, 5863 - Santa Teresa, Salvador"
1305,Posto Bonoco BR,ChIJy1rlqMgEFgcRmGJfJfWPyjo,-12.9808391,-38.4956104,4,gas_station,"Av. Mario Leal Ferreira, 509 - Bonocô, Salvador"
1306,Micro Posto Rio Vermelho,ChIJs2DnHCwFFgcRcP42LtzG2sI,-12.9622331,-38.4902921,3.7,gas_station,"R. Rodrigo de Menezes, 1 - Baixa de Quintas, Salvador"
1308,Posto Sete Portas,ChIJRW1exNsEFgcRg1_GuXE7Kcg,-12.97136,-38.49903,4,gas_station,"R. Djalma Dutra, 141 - Nazaré, Salvador"
1313,Posto R2M,ChIJ1WNdu9EaFgcRTzm9qT6NxF0,-12.9616902,-38.4779491,3.8,gas_station,"Avenida Barros Reis, Largo do Retiro, 1681, Salvador"
1316,Posto BR Petrobras,ChIJRySwrMQEFgcRaGlZrsqEIcA,-12.9751506,-38.5003886,3.9,gas_station,"R. Des. Adolfo Ribeiro Santos Souza, 189-205 - Nazaré, Salvador"
1326,Posto Metrô,ChIJP1-XOCkbFgcR1rJ7Q44DXDE,-12.9733207,-38.4781965,4.1,gas_station,"Av. Antônio Carlos Magalhães, 5863 - Santa Teresa, Salvador"
1330,Posto São Judas Tadeu,ChIJA_qX2CgFFgcRrJ1LdTM2HMo,-12.9627506,-38.4922417,4,gas_station,"R. Quintas dos Lázaros, 193 - Baixa de Quintas, Salvador"
1337,Posto Bonfim,ChIJ-zdCfdUaFgcR05D-rCwPAEI,-12.9671717,-38.4906478,2.7,gas_station,"Av. Heitor Dias, 2 - Retiro, Salvador"
1340,Posto Menor Preço,ChIJj8LradsEFgcRbspd7-DbTxQ,-12.9739524,-38.5000242,3.7,gas_station,"R. Djalma Dutra, 461 - Matatu, Salvador"
1350,Posto Petrobrás,ChIJzTJxI9oaFgcRH5W5SO048pw,-12.9650445,-38.4729811,4,gas_station,"Praça Francisco Manoel, 19 - Cabula, Salvador"
1398,Auto Posto Expresso 2010,ChIJ0XsrTMsEFgcRQ-0J2aUumec,-12.9832523,-38.4853021,3.7,gas_station,"R. 12 de Setembro, 5 - Largo do Tanque, Salvador"
1434,Posto Mataripe - Bonocô,ChIJS0bs08UEFgcRleOO24VtpRU,-12.9831011,-38.4818451,4,gas_station,"Av. Mario Leal Ferreira, 2230 - Brotas, Salvador"
1438,Posto Zeus,ChIJJYbc9McEFgcRtXO0M4gxfRA,-12.9852109,-38.4967195,3.9,gas_station,"Av. Gen. Graça Lessa, 1226 - Brotas, Salvador"
1439,Gales Comércio de Derivados de Petróleo Ltda,ChIJETxXbMUEFgcRczGFEpf4j0w,-12.9802438,-38.497592,3.9,gas_station,"Av. Mario Leal Ferreira, 252 - Bonoco, Salvador"
1445,Posto Barbalho,ChIJOfGDJN8EFgcR4K73Sr_ySLw,-12.9674065,-38.5019807,4.1,gas_station,"Ladeira do Arco, 88 - Barbalho, Salvador"
1465,Oficina,ChIJXeYfHY4bFgcRjn3HkjGHsCQ,-12.9363885,-38.4736547,0,gas_station,"Vila Tiradentes, 11 - São Caetano, Salvador"
1466,pça da soledade,ChIJJWNevFEFFgcRRrj2r8um3nk,-12.9369581,-38.4917994,4.1,gas_station,"Alto do Peru, Salvador"
1467,Posto,ChIJj7NrorsaFgcREe40Q6AaPnE,-12.9548598,-38.4756697,0,gas_station,"Av. Barros Reis, 2930 - Retiro, Salvador"
1471,Posto Shell,ChIJXwmgKLYaFgcRUgWFC8WRUPU,-12.9515868,-38.4771893,4.1,gas_station,"Av. Gen. San Martin, 95 - Iapi, Salvador"
1472,P4 Combustíveis,ChIJK50Sw0YFFgcRCehHYQ_2NIs,-12.9436329,-38.4996846,4.3,gas_station,"Calçada, Salvador"
1473,Posto Petrobras,ChIJC-a9kJ8FFgcRwGj7qCrJh0A,-12.959488,-38.5060422,0,gas_station,"Av. das Naus, S/N - Comercio, Salvador"
1474,Menor Preço,ChIJ3dMYtbUaFgcR2UxMq-STvIY,-12.9476472,-38.4810746,3.9,gas_station,"Av. Gen. San Martin, S/N - Santa Monica, Salvador"
1475,D+,ChIJBxmWLrgaFgcRRcwxyijzk88,-12.9491344,-38.474066,5,gas_station,"R. Jaqueira do Carneiro, 32 - Fazenda Grande do Retiro, Salvador"
1476,Posto Real,ChIJtexGOLsaFgcRzXWHoW4tNwk,-12.9429288,-38.4706449,5,gas_station,"Av. Barros Reis, 3132 - Retiro, Salvador"
1477,Loja Shell Select - POSTO SHELL - TIC COMERCIO DE COMBUSTIVEIS LTDA,ChIJjbTqiWIbFgcRKeP9nxOzl8s,-12.959337,-38.472526,4,gas_station,"ROD BR 324, 1120, Ac. Norte"
1478,Posto Shell - SRB REVENDEDORA DE COMB E LUBS LTD,ChIJqRgr-pcbFgcRZr97DMazk20,-12.9548683,-38.4748774,4,gas_station,"Av. Barros Reis, 636 - Amaralina, Salvador"
1479,Posto Shell,ChIJq12UlyEFFgcReXKPFXjIOXw,-12.9572684,-38.5021409,3.8,gas_station,"Av. Jequitaia, 80 - Terreo - Água de Meninos, Salvador"
1480,Loja Shell Select - POSTO SHELL - SRB REVENDEDORA DE COMB E LUBS LTD,ChIJg-cbK3wbFgcRdm3FsZhK2I4,-12.95868,-38.477179,0,gas_station,"Av. Barros Reis, 1223 - Iapi, Salvador"
1481,Posto Petrobras,ChIJnZ40_c4FFgcR-ILh7NzXkxM,-12.95536,-38.50008,0,gas_station,"Largo da Lapinha, 12 - Liberdade, Salvador"
1482,Shell Select,ChIJ-9_JjxgbFgcR55iiktdHqos,-12.9554167,-38.4686661,4.1,gas_station,"Av. Luís Eduardo Magalhães, 3091 - Cabula, Salvador"
1486,Posto Ipiranga,ChIJOf-MgkkFFgcR3Wml41rFw8g,-12.9460977,-38.4908486,3.8,gas_station,"Estr. da Liberdade, 428 - Liberdade, Salvador"
1487,Posto Ipiranga,ChIJW38q1k8FFgcRjPueAcMvQkk,-12.9360866,-38.4916739,3.9,gas_station,"Av. Afrânio Peixoto, 14 A - Lobato, Salvador"
1489,Posto Shell,ChIJFRqPGsUaFgcR98zyN-nzztU,-12.9592252,-38.4723221,3.9,gas_station,"Rod BR. 324, Acesso, Norte, 1120 - Cabula, Salvador"
1491,Desk Mataripe 5 - Petrobras,ChIJwbVp8SIbFgcR6dAN_Iis5IM,-12.979167,-38.4657116,3.9,gas_station,"Av. Antônio Carlos Magalhães, 4222 - Pernambués, Salvador"
1495,Posto Petrobras,ChIJVUSAUS8bFgcRWIrp6loXJLI,-12.9787215,-38.4671878,0,gas_station,"Rodoviaria, Av. Antônio Carlos Magalhães, 4322 - Pituba, Salvador"
1496,Loja Shell Select - POSTO SHELL - GRL ORGANIZACAO REV COMBS LUBS LTDA,ChIJZ_j6yzwbFgcR77cP5ZLG3jk,-12.954982,-38.47514,4.6,gas_station,"Av. Barros Reis, 3132 - Iapi, Salvador"
1497,Posto Mataripe,ChIJD70OCDMbFgcRVtfZ1oFKSGc,-12.9812414,-38.4824225,3.9,gas_station,"539, R. Antônio Viana, 511 - Cosme de Farias, Salvador"
1498,Gnv,ChIJy42FVUUFFgcRT1r4rX_kgas,-12.9381125,-38.495531,4.1,gas_station,"Rua Luiz Régis Pacheco, 103 - Uruguai, Salvador"
1502,Posto Mataripe - Rodoviária (Saída),ChIJQwtqDyMbFgcRpczyQLjDPq0,-12.9788154,-38.467488,3.6,gas_station,"Av. Antônio Carlos Magalhães, 4322 - Pernambués, Salvador"
1504,Posto Ipiranga,ChIJ1-UD6UYFFgcRPCh1pPAn3sc,-12.9436532,-38.4996717,3.8,gas_station,"R. Fernandes Viêira, 54 - Mares, Salvador"
1505,Posto Shell,ChIJN4kHQtEaFgcRjFIW9x-KCRk,-12.954721,-38.4749714,3.9,gas_station,"Av. Barros Reis, 3132 - Pau Miúdo, Salvador"
1507,Posto Shell,ChIJXVFWb8EaFgcR9tMM1wjTm6s,-12.9541215,-38.4726272,3.9,gas_station,"Av. Luís Eduardo Magalhães, 376 - Cabula, Salvador"
1508,Posto Ipiranga,ChIJbyw4N88aFgcR3JztDFS6R2M,-12.9560224,-38.476014,3.9,gas_station,"Av. Barros Reis, 2930 - Arraial do Retiro, Salvador"
1509,JSM COMB LTDA,ChIJWbvmxuUaFgcRx44aCm0tUTw,-12.9555244,-38.4688187,4,gas_station,"Av. Luís Eduardo Magalhães, 3091 - Cabula, Salvador"
1510,Posto Shell,ChIJ62JUNc4aFgcRTZ_sOKrJUm8,-12.9587919,-38.4772268,4.3,gas_station,"Av. Barros Reis, 636 - Arraial do Retiro, Salvador"
1512,Posto Ipiranga,ChIJ0XwvTEYFFgcROPpQfcpw_No,-12.9448464,-38.4973322,3.9,gas_station,"R. Nilo Peçanha, 113 - Calçada, Salvador"
1515,Ecopostos-Combustíveis e Serviços,ChIJz7ZChsgaFgcRRM93CG-kgc0,-12.9548598,-38.4756697,4,gas_station,"Av. Barros Reis, 2938 - Retiro, Salvador"
1521,Posto Petrobras,ChIJqeeXvsgaFgcRQxM97QXsYPM,-12.9548321,-38.4756512,4.1,gas_station,"Av. Barros Reis, 2938 - Retiro, Salvador"
1524,Posto P4 Combustíveis,ChIJseNkx0YFFgcR4mNswUqdQnM,-12.9436532,-38.4996717,3.6,gas_station,"R. Fernandes Viêira, 54 - Mares, Salvador"
1552,Posto GR,ChIJa5eDzMkaFgcRPsS8QiijovA,-12.951522,-38.4771971,4.1,gas_station,"261, Av. Gen. San Martin, 211 - Curuzu, Salvador"
1555,Posto Petrobras,ChIJRzQtwq8bFgcRH4Tf8TWPcbI,-12.9519563,-38.4763278,0,gas_station,"Av. Gen. San Martin, 161 - Retiro, Salvador"
1557,Posto Sol,ChIJTQ-kSs4aFgcRmrQ4MwZ7q7Y,-12.9586948,-38.4772811,4,gas_station,"Av. Barros Reis, 1223 - Iapi, Salvador"
1563,Posto Petrobras,ChIJz6qq-swaFgcR-VkUsGoascA,-12.956147,-38.483021,4.8,gas_station,"Av. Antônio Carlos Magalhães, 269 - Iguatemi, Salvador"
1564,Posto Trevo 9,ChIJkfXc6U0FFgcRhpleJRZcMI4,-12.9401427,-38.4893627,4,gas_station,"Av. Gen. San Martin, 450 - Fazenda Grande do Retiro, Salvador"
1567,Loja Shell Select - POSTO SHELL - GR REVEND DE COMB E LUBRIF LTDA ME,ChIJZzoh3WcbFgcRkW7lOwloDpQ,-12.9515808,-38.4772234,4,gas_station,"Av. Gen. San Martin, 95 - Iapi, Salvador"
1570,Ecoposto Albatroz,ChIJpZ45UFEFFgcR64oNKcf7sek,-12.9361297,-38.4916652,4.1,gas_station,"av Afrânio Peixoto - s/n, Salvador"
1576,Posto Trevo,ChIJBRmEcE0FFgcRnP99FsegPfc,-12.9401683,-38.4893343,3.9,gas_station,"Av. Gen. San Martin, 450 - Curuzu, Salvador"
1579,Posto Bomfim Ltda,ChIJF7RChsgaFgcRydwsCj8iGhw,-12.9548598,-38.4756697,4.3,gas_station,"Av. Barros Reis, 2938 - Retiro, Salvador"
1580,Posto Plus Brasil,ChIJfykISrQaFgcRa--btHiPDdM,-12.947293,-38.481122,4,gas_station,"GL - Av. Gen. San Martin, n. 1387 - Fazenda Grande do Retiro, Salvador"
1636,Posto 2 de Julho,ChIJjVlncy8FFgcR6W4lxhzDXZo,-12.9598591,-38.4942737,4.3,gas_station,"Ladeira do Paiva, 404 - Caixa D'agua, Salvador"
1697,Posto Roma,ChIJO2Ze-EIFFgcRmMX5heFukTQ,-12.9388569,-38.5039826,3.8,gas_station,"Av. Fernandes da Cunha, 80 - Mares, Salvador"
1699,J. A. Sobral e Cia,ChIJq1OFlTQbFgcREW2rbqJJ2Ws,-12.9808297,-38.4955454,3.8,gas_station,"Av. Mario Leal Ferreira, 509 - Bonoco, Salvador"
1703,Cdm Salvador,ChIJXRf4u20QFgcRd2XXRjfBFcA,-12.9235149,-38.4603865,0,gas_station,"Av. Cardeal Avelar Brandão Villela - Tancredo Neves, Salvador"
1705,POSTO DE COMBUSTÍVEIS SHEL,ChIJXfe8Ju8FFgcR5xH8qwadvR4,-12.9300495,-38.5041858,5,gas_station,"Av. Caminho de Areia - Caminho de Areia, Salvador"
1707,Petróleo,ChIJ056tGSMFFgcRcwDmpVXDxNk,-12.957019,-38.502858,0,gas_station,"Água de Meninos, Salvador"
1712,Posto gnv,ChIJA0hN8gEbFgcRlA6hs3egWPc,-12.9321147,-38.4757988,0,gas_station,"Estr. de Campinas, 815 - Campinas de Pirajá, Salvador"
1717,Posto Shell,ChIJ7QGZtFwFFgcRL3v0SsXWdz4,-12.9322873,-38.5043931,0,gas_station,"Av. Caminho de Areia, 65 - Caminho de Areia, Salvador"
1718,Nina Fuel Station,ChIJH3NML6MEFgcRPb38HCaQkI0,-12.9236707,-38.5026832,4,gas_station,"Largo do Papagaio, 31 - Ribeira, Salvador"
1720,Cdm Arcom salvador,ChIJCehEyAQRFgcRUMLLPCDxwI4,-12.9232911,-38.4607047,4.8,gas_station,"Av. Cardeal Avelar Brandão Villela, 2505 - Mata Escura, Salvador"
1722,Porto 4 Milla - Fundo da Brasilgás - Prox a Lagoa,ChIJa8WMtGsQFgcRi8I3RjfbOKk,-12.9179693,-38.4602581,3.4,gas_station,"Av. Aliomar Baleeiro - Jardim Santo Inácio, Salvador"
1723,Ipiranga,ChIJzxJ3pR4QFgcRYjBKrCnsHkY,-12.9163203,-38.4804391,4.1,gas_station,"Lobato, Salvador"
1724,Station 4 Fuel Trade,ChIJ-YzslmkQFgcRwlVyel1m_ag,-12.9179776,-38.4602748,4,gas_station,"Av. Aliomar Baleeiro, 578 - São Marcos, Salvador"
1727,Posto 4.2,ChIJu2vAPT8QFgcRLofh1jIfDaY,-12.9109337,-38.4656842,3.3,gas_station,"estr Campinas Pirajá - s/n, Salvador"
1728,Macro Posto,ChIJ5_nLIggRFgcRwXVjhALiyFA,-12.9197848,-38.4656503,3.4,gas_station,"Marginal Rodovia Br-324, 325 - Campinas de Pirajá, Salvador"
1732,Posto Ipiranga,ChIJAXEetG0QFgcRq8YP9n6b5wo,-12.9231914,-38.4607215,3.9,gas_station,"Av. Cardeal Avelar Brandão Villela, 2505 - Mata Escura, Salvador"
1736,Posto Jaqueira,ChIJY_O_3gsQFgcRz-eD49nyUlo,-12.9297645,-38.468779,3.7,gas_station,"Praça Dom Avelar, 25 - Calabetão, Salvador"
1738,Posto Albatroz,ChIJ27qwExwQFgcR4NpQlC1UAgs,-12.9178085,-38.4807226,4,gas_station,"Av. Afrânio Peixoto, 2995 - Lobato, Salvador"
1739,Posto 4.4,ChIJ3XwW5gsQFgcRGUpmdS3R9aw,-12.9300102,-38.4690157,4,gas_station,"Sao Caetano, Salvador"
1740,Posto Campinas,ChIJz-taoacRFgcRKt7IT4v2gDE,-12.916803,-38.4656803,3.7,gas_station,"Estrada Campinas de Pirajá, 1 - Pirajá, Salvador"
1741,"Posto Ipiranga, Antigo P4",ChIJzQfpuh4QFgcRXIlkEnsEcrM,-12.9161475,-38.480493,4,gas_station,"Av. Afrânio Peixoto, 3164 - Lobato, Salvador"
1743,BRASILGAS SAO CAETANO FAZENDA GRANDE DO RETIRO,ChIJG9XscagFFgcRpTmeTnbYlc8,-12.9356247,-38.48709,3.8,gas_station,"Av. Nestor Duarte, 74 - São Caetano, Salvador"
1747,Posto Marina de Combustiveis,ChIJ_YFslQAQFgcRph-P_QT5l98,-12.9298246,-38.4811229,3.6,gas_station,"Av. Contôrno - Comercio, Salvador"
1748,Posto São Caetano,ChIJrzzGIagaFgcRWxGF58mrRzY,-12.9321258,-38.4757928,3.6,gas_station,"Estr. de Campinas, 818 - São Caetano, Salvador"
1749,Posto Sul America,ChIJdYNfr18FFgcR1RGcf6CydG8,-12.9288264,-38.5038722,3.9,gas_station,"Av. Caminho de Areia, 142 - Caminho de Areia, Salvador"
1750,Posto Ipiranga,ChIJp5kvRWwQFgcRBoUw1SgY6zs,-12.92327,-38.460712,4.2,gas_station,"Av. Cardeal Avelar Brandão Villela, 2505 - Mata Escura, Salvador"
1751,Plus Brasil Com e Representações,ChIJpfPYTLQaFgcRe3VJRNN4utI,-12.9473069,-38.481234,5,gas_station,"Av. Gen. San Martin, 1387, GL - Fazenda Grande do Retiro, Salvador"
1752,M de Aguiar Com Combustíveis e Derivados Petróleo,ChIJRzJeCqcaFgcRxUA6d3Y0XLs,-12.9338898,-38.4717647,3.8,gas_station,"BR-324 - São Caetano, Salvador"
1754,Stations Network Cheapest,ChIJUXzteU4FFgcRZcCvZEYuIrk,-12.9407186,-38.4905241,3.8,gas_station,"Largo do Tanque, 108 - Liberdade, Salvador"
1756,Posto Petrobras,ChIJJXKMs-8PFgcRQHqS47UHRfk,-12.9171117,-38.4979273,3.9,gas_station,"Rua Léllis Piedade, 28 - Ribeira, Salvador"
1757,Posto Petrobras,ChIJfUDwU6kRFgcRPW1A7VBZDxE,-12.9320185,-38.4577444,4,gas_station,"Av. Cardeal Avelar Brandão Villela, 286 - Tancredo Neves, Salvador"
1758,Paulo Fernando de Oliveira Souza,ChIJ_YGvRrgaFgcRhFXTfZSoKsU,-12.9548111,-38.4750947,3.4,gas_station,"Av. Barros Reis, 3132 - Retiro, Salvador"
1759,Jeidson,ChIJaYPi6U0FFgcRYhXA-tCxl18,-12.9401953,-38.4893121,4,gas_station,"Liberdade, Salvador"
1775,Posto Shell,ChIJt1ALYagRFgcRybcyrhyiQk4,-12.91686,-38.465715,4,gas_station,"Estrada Piraja, Lote 01, s/n - JD CAMPINAS, Salvador"
1860,Cdm arcom salvador,ChIJ1W4DORcRFgcRvs3FmWhbP-E,-12.9232685,-38.460586,0,gas_station,"Jardim Santo Inácio, Salvador"
1875,Posto Lapinha BR,ChIJgwiXQjsFFgcRm30LuS8iu7o,-12.9551477,-38.4999821,4.2,gas_station,"Largo da Lapinha, 12 - Liberdade, Salvador"
1939,Br,ChIJKdwyhEIQFgcRSr73EAoe0_I,-12.9155261,-38.4555776,2.5,gas_station,"Porto Seco Piraja, Salvador"
1940,Shell,ChIJD5YAjW0RFgcRHI4Ght366-I,-12.8789639,-38.4318985,3.9,gas_station,"Valeria, Salvador"
1941,Gastacao,ChIJ2TsC_wIRFgcRZ3rmVPellcc,-12.8986804,-38.4348797,3.2,gas_station,"R. Benedito Jenkis, 726 - Águas Claras, Salvador"
1942,Br,ChIJd_WbaFIQFgcR0GkQMbfFl64,-12.9008587,-38.4523528,3.8,gas_station,"BR-324 - Pirajá, Salvador"
1943,Posto de gasolina Branca,ChIJfUhuRRQRFgcR0Dy_LBxu-vk,-12.9219208,-38.4323667,0,gas_station,"Av. Maria Lúcia, Salvador"
1944,Posto Petrobras,ChIJc8BhwvERFgcRMiOgQFWYOS8,-12.90553,-38.45528,0,gas_station,"ROD BR 324 KM 9 S/N - Pirajá, Salvador"
1945,Station 4 Fuel Trade,ChIJp22nhkIQFgcRrnXUdb3QZ_A,-12.9158519,-38.4556441,4,gas_station,"Av. Aliomar Baleeiro, 574 - Jardim Cajazeiras, Salvador"
1946,M30 Comércio de Combustiveis,ChIJez-BArURFgcRHwirAIHavXc,-12.8943969,-38.4613502,2.8,gas_station,"R. da Liberdade, 428 - Liberdade, Salvador"
1947,Petrobras,ChIJFXUtPQgRFgcRCc2x4iw6lNU,-12.9009518,-38.4527631,3.7,gas_station,"Marginal Rodovia Br-324, s/n - KM 9,5 - Pirajá, Salvador"
1948,Posto Shell - M.AGUIAR COM.COMB.DER.PETROLEO LTDA,ChIJ8RtL-tURFgcRmm6EOUQsMfA,-12.8788037,-38.432101,4.2,gas_station,"BR-324, 324 - Valéria, Salvador"
1949,Posto Mil,ChIJDVyEEgkRFgcRaSwaNOA8bl4,-12.8871178,-38.4396131,3.7,gas_station,"BR-324, 606 - Águas Claras, Salvador"
1950,Empresa De Onibus,ChIJj30j7gIRFgcRxcRnXq7EsTY,-12.8955931,-38.4349441,1,gas_station,"R. Benedito Jenkis, 670 - Águas Claras, Salvador"
1951,Socombustíveis Comércio de Derivados de Petróleo Ltda,ChIJ4yalVQYRFgcRoCoLQqgDQHk,-12.8917278,-38.438073,3.9,gas_station,"R. Dr. Jorge Costa Andrade, 264 - Águas Claras, Salvador"
1952,Posto de Combustível Castelo Branco,ChIJKz0p91gRFgcRNBJvTbard-E,-12.9075432,-38.4435349,4,gas_station,"Castelo Branco, Salvador"
1955,Posto De Gasolina Menor Preço,ChIJ57NR7asRFgcRWrK73uo24VA,-12.8951158,-38.4474951,3.9,gas_station,"Dom Avelar, Salvador"
1956,Posto Ipiranga,ChIJT3Zg3-wzb5MRExuw3PxObjs,-12.9054494,-38.4610048,4,gas_station,"Estrada Campinas de Pirajá, sn - Mal. Rondon, Salvador"
1960,M - 54 Comércio de Combustiveis,ChIJBUgahFsQFgcRbegYKUhy_Fs,-12.9072223,-38.4487708,3.6,gas_station,"R. Genaro de Carvalho, 1 - Castelo Branco, Salvador"
1961,Distribuidora De Gás Bom Gosto,ChIJs79NOs0RFgcRGRy_rNSVJrA,-12.8936201,-38.472718,3,gas_station,"R. Vila Prudente, 02 - Quadra B22 - Ilha Amarela, Salvador"
1962,Posto De Combustiveis,ChIJUXZcWu0QFgcR7OXKoidndGU,-12.919697,-38.4319716,5,gas_station,"Av. Maria Lúcia, 1069 - Novo Marotinho, Salvador"
1964,Posto 4.3,ChIJZ0ocjfUQFgcRlbL4uUi_hNg,-12.9151348,-38.4424232,4.1,gas_station,"Av. Aliomar Baleeiro - Pau da Lima, Salvador"
1965,P4 Combustíveis,ChIJAzSl3F4QFgcRXGfkSAMSics,-12.9141284,-38.4461672,4.1,gas_station,"Av. Aliomar Baleeiro - Jardim Cajazeiras, Salvador"
1966,Petshop João Grandão,ChIJt7F0c-URFgcRA83vfk6xpI4,-12.9072549,-38.448762,4.7,gas_station,"Castelo Branco, Salvador"
1967,Posto P4,ChIJ8W-Nqy0RFgcROg80cYlNwaE,-12.9071847,-38.4486442,4,gas_station,"Avenida Genaro de Carvalho, S/N - Castelo Branco, Salvador"
1968,Posto Menor Preço Via Regional,ChIJg6NM4j8QFgcREkjYC-3cKbk,-12.9195214,-38.4318521,3.8,gas_station,"Av. Maria Lúcia, 1060 - Canabrava, Salvador"
1969,Posto Portoseco,ChIJFXUtPQgRFgcRBuaAifBoTLo,-12.9054938,-38.4552949,3.6,gas_station,rod BR 324 - s/n
1971,GRL ORG REV DE COMB LUBR LTDA,ChIJTWyjv3wRFgcRDo2nHMvqzWE,-12.878803,-38.4321008,3.8,gas_station,"BR-324, s/n - JAQUEIRA CARNEIRO, Salvador"
1972,Posto Shell GRL Boas Vindas,ChIJPxYJ7m0RFgcR-cAFUg8wUr4,-12.8785431,-38.4316945,3.6,gas_station,"1A Travessa Ruth Fernandes, 268-336 - Valéria, Salvador"
1973,SODIC - POSTO BOA VIAGEM,ChIJq2aDxYcRFgcRdO51nQqWJgY,-12.8795127,-38.4314854,3.9,gas_station,"Rodovia BR 324, S/N, KM 11,6 - Valéria, Salvador"
1974,Rede HG - Posto Salvador,ChIJfQLM_wgRFgcRvidvvVoQ1iQ,-12.8881449,-38.4401535,3.1,gas_station,"R. Lourival Costa, 1005 - Águas Claras, Salvador"
1975,clube do ipiranga,ChIJVVVVlWMQFgcRLZInODSzRgY,-12.9237778,-38.4468721,4.3,gas_station,"Pau da Lima, Salvador"
2092,Rede De Postos Menor Preço,ChIJ3byIvJQTFgcRwT-bRldJyf0,-12.8459174,-38.4174292,4.2,gas_station,Simões Filho
2093,ISAC TURBOS,ChIJiYlumpQTFgcRzRkO83rp1eo,-12.8453011,-38.4172291,4.1,gas_station,Simões Filho
2094,JR Empreendimentos-Item 104,ChIJOROzZiUTFgcRKZFhoKOQ32U,-12.837443,-38.413202,0,gas_station,Simões Filho
2095,Auto Posto St Antônio,ChIJ0Vj6_W8RFgcRveVRXEsbgHU,-12.8731226,-38.4323767,4,gas_station,"R. Cel. José Rodolfo Pereira de Souza - Valéria, Salvador"
2096,Posto Shell,ChIJcfBFTWQRFgcRyJetztJa2h8,-12.8712997,-38.4329528,3.7,gas_station,"R. Cel. José Rodolfo Pereira de Souza, 1-137 - Valéria, Salvador"
2097,Posto fom fom,ChIJWxIaTL8TFgcRbZ-r7WApY1A,-12.8455852,-38.4171939,0,gas_station,"BR-324, 340 - Cia Sul, Simões Filho"
2098,Posto Gameleira II - FON FON,ChIJ-a9pTOsTFgcRq-dKuL2sQhI,-12.8470272,-38.4175354,5,gas_station,"9 - Lot. Recanto dos Eucaliptos, Simões Filho"
2099,Posto Menor Preço,ChIJy4HTHccRFgcRwAWDH3TzQK4,-12.8720432,-38.4268495,3.8,gas_station,"R. José Roberto Otoni, 3090 - Valéria, Salvador"
2103,Posto Petrobras,ChIJ22mTSd8TFgcRIQQxi2mciDk,-12.83651,-38.41314,1,gas_station,"ROD.BR 324 KM 16,5, Rod. Paripe CIA, S/N, Simões Filho"
2104,Posto Petrobras Kalilandia - Aratu,ChIJI8uw6JoTFgcRS75-2fZBD6M,-12.8363524,-38.4130364,4,gas_station,"BR-324, 2013 - Lot. Recanto dos Eucaliptos, Simões Filho"
2144,Posto Petrobras,ChIJn9sZyb0TFgcRcZkAzTw-DBI,-12.84542,-38.46881,0,gas_station,"ROD BA 528 KM 5.1 S/N, Estr. da Base Naval de Aratu - ESTRADA BASE NAVAL, Salvador"
2146,vila moema,ChIJ25dbuzESFgcRU-fP8wl6uIo,-12.8518418,-38.4557362,2.4,gas_station,"Nova Brasilia de Valeria, Salvador"
2147,Posto Petrobras,ChIJvyRDRFMTFgcR_KJDFb_u6ig,-12.84681,-38.46769,3.3,gas_station,"Av. Lafayete Coutinho, 1010 - Comércio, Salvador"
2148,Posto BR,ChIJU6Jb5xASFgcR4PqrGu8A9i8,-12.8449899,-38.4696311,3.6,gas_station,"Av. Afrânio Peixoto - Paripe, Salvador"
2150,Posto Petrobras,ChIJodwgmTsTFgcRECKduX3-HlI,-12.84689,-38.46471,4,gas_station,"AV.SUBURBANA, S/N - Itacaranha, Salvador"
2151,Posto Petrobras,ChIJZ2fNVeQRFgcRNzk4BJAGBZQ,-12.86751,-38.47732,4,gas_station,"Av. Afrânio Peixoto, S/N - Periperi, Salvador"
2152,Posto Ipiranga,ChIJ8W_bM-0zb5MRl55cOk4Qvmc,-12.8402879,-38.4678652,3.5,gas_station,"Av. São Luís, Sn - Paripe, Salvador"
2153,Posto Moema Petrobras,ChIJo56FT1wDFgcRCPbk_ObpsMg,-12.8515733,-38.4561962,3.7,gas_station,"Rodovia BA 528 Km 5,1 S/n, Estr. da Base Naval de Aratu, Salvador"
2154,Praia De Periperi,ChIJddKj3fARFgcRdiPVnHBGy5M,-12.8637558,-38.4720378,3.3,gas_station,"R. Beira Rio, 631-703 - Coutos, Salvador"
2155,Posto Inema,ChIJLV_kzkMSFgcRGbaixRWykKA,-12.8337661,-38.4608592,3.7,gas_station,"R. Marquês de Olinda, 284 - Paripe, Salvador"
2158,Escola De Menor,ChIJmyCNqysRFgcRYlcZ6_0uOis,-12.857528,-38.470068,0,gas_station,"Coutos, Salvador"
2169,Posto Petrobras,ChIJKY7IpPoRFgcRBdFvGUx0OQk,-12.8650714,-38.4753112,3,gas_station,"R. Santa Luzia, 77 - Periperi, Salvador"
2172,Posto Petrobras,ChIJPzp-MxcSFgcR7W9wgzSlFDA,-12.845977,-38.46907,1,car_repair,"AV Marechal Castelo Branco, S/N - Nazaré, Salvador"
2216,Posto Shell,ChIJSe6iPucaFgcRH80f4_EsH6k,-12.9664356,-38.4625929,3.8,gas_station,"Rua Thomaz Gonzaga, 246 - Pernambués, Salvador"
2259,Posto Menor Preço,ChIJWR3FdjYbFgcRASWDlbXQIxU,-12.9791636,-38.4708436,4,gas_station,"Av. Antônio Carlos Magalhães, S/N - Parque Bela Vista, Salvador"
2319,Menor Preço,ChIJETxXbMUEFgcR5makgmny2Bc,-12.9783297,-38.499547,3.9,gas_station,"R. das Pitangueiras, 74 - Matatu, Salvador"
2321,Posto Petrobras,ChIJWVGO6psFFgcR6Cvfo61E7iA,-12.9685165,-38.4957977,0,gas_station,"R. Cônego Pereira, 796 - Matatu, Salvador"
2450,Loja Shell Select - POSTO SHELL - W L COMERCIO DE COMBUSTIVEIS LTDA,ChIJSzgQ2hobFgcRjiO62xPJzTY,-12.9398273,-38.4315175,3.2,gas_station,"Av. Ulysses Guimarães, 4538 - Sussuarana, Salvador"
2462,Prima - Com. de Combustíveis e Serviço de Tec. e Cons.,ChIJE2Iv05waFgcRZXrJBfRiaiM,-12.9386355,-38.4532201,3.8,gas_station,"Av. Cardeal Avelar Brandão Villela, 286 - Mata Escura, Salvador"
2471,Posto Petrobras,ChIJE-jj2y4bFgcR9QI0-MCbyt4,-12.9441532,-38.4586843,4,gas_station,"Estr. das Barreiras, 1111 - Cabula, Salvador"
2473,POSTO CAB,ChIJucL143caFgcRMZxLkuL9C5U,-12.9398288,-38.4315403,3.8,gas_station,"Altura do número 4538, R. da Paz da Sussuarana, S/N - Sussuarana, Salvador"
2486,Posto Petrobras,ChIJy4rZCExYzpQRYM0Es8bQDVc,-12.938638,-38.4532279,3.9,gas_station,"Av. Cardeal Avelar Brandão Villela, 286 - Mata Escura, Salvador"
2491,Torre Pantanal,ChIJkQisg_IaFgcRVRKkllQLL2k,-12.9568262,-38.4534829,4.3,gas_station,"163, R. Amazonas, 159 - Saboeiro, Salvador"
2649,Petrobras,ChIJl19XxysRFgcRKafXzQcFFc0,-12.9027303,-38.4046605,2,gas_station,"Cajazeiras, Salvador"
2650,Posto de gasolina São Gonsalo,ChIJKeDYUxURFgcR0-gocr2OqrA,-12.9195716,-38.4108756,3,gas_station,"R. Mocambo, 1037-951 - Trobogy, Salvador"
2651,Posto 29 de Marco,ChIJH2PMHfQRFgcRl_dDpR5M2Gk,-12.9100886,-38.4136063,4.7,gas_station,"Av. 29 de Março, Salvador"
2652,Posto São Rafael,ChIJ81NU0IgQFgcRBJSXAWlZwr8,-12.9269283,-38.4381722,4.4,gas_station,"1A Travessa São Rafael, s/n - São Marcos, Salvador"
2653,Petrobras,ChIJiWGh2ysRFgcRbqznq-WSVNs,-12.9026865,-38.4045506,3.9,gas_station,"Via Coletora, S/N - A - Cajazeiras, Salvador"
2654,Posto Petobras,ChIJL3AFCKYRFgcRPnPsOOPpt38,-12.909971,-38.4138726,4.1,gas_station,"Tv. Pres. Jânio Quadros, 123 - Jardim Nova Esperanca, Salvador"
2655,Posto Oitis,ChIJH3sqbo8QFgcRt_GAAQG-giM,-12.9283913,-38.4313127,3.9,gas_station,"Av. São Rafael, 2267 - São Marcos, Salvador"
2661,Posto Shell Kalilandia - Nova Brasília,ChIJaw_OksMQFgcRmQksrYItxn4,-12.9169977,-38.4173886,4,gas_station,"5717, Av. Aliomar Baleeiro, 5557 - São Marcos, Salvador"
2663,Posto ABO,ChIJQ8hBvisRFgcRyT7k9U1ePts,-12.9026432,-38.404541,4,gas_station,"Estr. do Coqueiro Grande, 1895 - Fazenda Grande 2, Salvador"
2664,Posto Petrobras,ChIJLzrsrMgQFgcR-Ikw7eQ59PI,-12.9193584,-38.4108464,3.7,gas_station,"Av. Aliomar Baleeiro, 578 - Pirajá, Salvador"
2666,Desk San Rafael,ChIJy9ypr4oaFgcRWXol3Kc3dJU,-12.9351497,-38.4250705,3.7,gas_station,"Av. São Rafael, 1200 - São Marcos, Salvador"
2668,Posto Trobogy,ChIJ6VawrMgQFgcRvVr2SuJalC4,-12.9194064,-38.4108764,4,gas_station,"Av. Aliomar Baleeiro, 6880 - São Marcos, Salvador"
2669,R1 COMERCIO DE COMBUSTIVEIS LTDA,ChIJta7M_IAQFgcRbNbGzuN-E-c,-12.9334735,-38.444747,4,gas_station,"Av. Ulysses Guimarães, 1454 - Sussuarana, Salvador"
2674,Gas Fuels Neves,ChIJp-K1FH4QFgcRvQiq6ma9Bpo,-12.9334661,-38.4447765,4,gas_station,"Av. Ulysses Guimarães, 1454 - Sussuarana, Salvador"
2676,Menor Preço,ChIJv7cPJZkQFgcR4hg7yWnETP8,-12.9351801,-38.4250444,3.5,gas_station,"Av. São Rafael, 1127-1195 - São Marcos, Salvador"
2706,Posto Trobogi,ChIJh_tWE-kQFgcROnQAtR3q4uU,-12.9186236,-38.4077535,0,gas_station,"Av. Aliomar Baleeiro, 578 - Jardim Cajazeiras, Salvador"
2770,Br,ChIJH3ajQOIWFgcR9S7ThXi3bvo,-12.9101095,-38.3731677,4,gas_station,"Av. Aliomar Baleeiro - Mussurunga I, Salvador"
2773,Posto Petrobras,ChIJbyEQQOIWFgcRJoEF5jBl9ME,-12.910137,-38.3731798,3.9,gas_station,"Av. Aliomar Baleeiro, 13073 - Km 13,5 - São Cristóvão, Salvador"
2775,Post Cheapest,ChIJ01Vf7RYXFgcRmvR4h9QR_EY,-12.923994,-38.3764887,3.7,gas_station,"Av. Luís Viana Filho - Cajazeiras, Salvador"
2776,Brasil gas,ChIJj5mMY5QXFgcRqsK4StkPOtM,-12.9057698,-38.3874016,0,gas_station,"Fazenda Grande 4, Salvador"
2777,Posto Menor Preço,ChIJzXF_rjgXFgcR3f_1p5GgzLg,-12.9066798,-38.3971072,3.3,gas_station,"Estr. do Coqueiro Grande, 38 - Fazenda Grande 3, Salvador"
2778,COOPMETRO,ChIJb1UcFNUWFgcRgysmOdEiORQ,-12.9084313,-38.3943286,3.9,gas_station,"Estr. do Coqueiro Grande - Fazenda Grande 2, Salvador"
2781,Posto Petrobras,ChIJP4pMfC0XFgcRn0MfUJXtrXU,-12.9113356,-38.3902833,4,gas_station,"Av. Aliomar Baleeiro, 10349 - São Marcos, Salvador"
2782,Posto Petrobras,ChIJS453UEsXFgcR1XoOwsIjBbU,-12.90158,-38.36794,0,gas_station,"ROD BA-526, KM 05 - CEASA S/N - Cassange, Salvador"
2784,BRASILGAS ALAGOAS GÁS,ChIJ3fYAYkcRFgcREUoySmf_0CM,-12.8854362,-38.4147363,5,gas_station,"R. E Cj, 2, R. da Esperança de Cajazeiras, 11, Salvador"
2841,Rede Posto Omega Petrobras,ChIJkRVgUSkUFgcR4kQKaeDhJfU,-12.87053,-38.3644,4.3,gas_station,"BA-526, 5185 - Cassange, Salvador"
3112,Posto Avenida,ChIJsbnb8vgWFgcREytL1XaH5I4,-12.9071245,-38.3600883,4.3,gas_station,"Avenida Santos Dumont, 8 - s/n km 4 - São Cristóvão, Salvador"
3113,Posto Ipiranga,ChIJXS1AxFUWFgcRIbpWMKIaKwA,-12.9111652,-38.3616905,3.8,gas_station,"Av. Aliomar Baleeiro, 14404 - São Cristóvão, Salvador"
3116,Aleluia Comércio de Combustiveis,ChIJazFrxFUWFgcRzMCKiM-Ve3k,-12.911154,-38.3617003,4,gas_station,"Av. Aliomar Baleeiro - São Cristóvão, Salvador"
